close,high,low,open,timestamp,volume
0.02549436,0.02549436,0.02547574,0.02547574,1541894400,1294.1473
0.02546028,0.02547571,0.02546028,0.02547571,1541894460,1208.8008
0.02545785,0.02546567,0.02545785,0.02545786,1541894520,544.4401
0.02544411,0.02545007,0.02544411,0.02545007,1541894580,364.507
0.02543844,0.02544612,0.02543844,0.02544612,1541894640,723.4687
0.0254384,0.0254622,0.02543837,0.0254622,1541894700,871.8479
0.02543198,0.02543198,0.02543198,0.02543198,1541894760,403.5212
0.02543563,0.02543563,0.02543199,0.02543199,1541894820,643.4389
0.02543196,0.02543196,0.02543196,0.02543196,1541894880,881.0068
0.02543196,0.02545889,0.02543196,0.02545889,1541894940,895.0343
0.02543471,0.0254515,0.02543191,0.02543196,1541895000,1072.4101
0.02543467,0.02543467,0.02543467,0.02543467,1541895060,934.0971
0.02545413,0.02545413,0.02543468,0.02543468,1541895120,628.9702
0.02543463,0.02545399,0.02543463,0.02545399,1541895180,706.0174
0.02543463,0.02543463,0.02543463,0.02543463,1541895240,273.2964
0.02545416,0.02545416,0.02543466,0.02543466,1541895300,651.2524
0.02545721,0.02547747,0.02545424,0.02545424,1541895360,425.1106
0.02547746,0.02547746,0.02545431,0.02545431,1541895420,1524.5336
0.0254543,0.0254543,0.0254543,0.0254543,1541895480,336.3927
0.02548678,0.02548678,0.02545441,0.02545441,1541895540,1232.5773
0.0254643,0.0254643,0.0254643,0.0254643,1541895600,550.3461
0.02545424,0.02546421,0.02545424,0.02546421,1541895660,677.0793
0.02547763,0.02547763,0.02545017,0.02545017,1541895720,676.2872
0.02547762,0.02547762,0.02547762,0.02547762,1541895780,194.8936
0.0254677,0.02547698,0.02544314,0.02547698,1541895840,972.9205
0.02544315,0.02544811,0.02544315,0.02544811,1541895900,474.2095
0.0254432,0.02546588,0.0254432,0.02546588,1541895960,799.6003
0.02544323,0.02546128,0.02544323,0.02546128,1541896020,349.146
0.02543712,0.02544314,0.02543462,0.02544314,1541896080,297.762
0.02544759,0.02545193,0.02543716,0.02543716,1541896140,648.7973
0.02543164,0.0254371,0.02543163,0.0254371,1541896200,533.9077
0.0254254,0.0254509,0.0254254,0.02543163,1541896260,1564.7315
0.02542544,0.0254449,0.02542544,0.02544014,1541896320,811.6025
0.02542538,0.02542538,0.02542538,0.02542538,1541896380,225.7326
0.02544049,0.02544495,0.02543552,0.02544495,1541896440,401.9446
0.02542543,0.0254449,0.02542543,0.0254449,1541896500,679.139
0.02541745,0.025463,0.02541745,0.02544498,1541896560,806.5596
0.02541919,0.02542976,0.02541919,0.02542976,1541896620,417.0958
0.02543858,0.02543858,0.02541932,0.02541932,1541896680,778.0333
0.02542936,0.02542936,0.02541951,0.02541951,1541896740,484.5836
0.02541969,0.02541971,0.02541969,0.02541971,1541896800,701.0586
0.02543857,0.02543857,0.02543857,0.02543857,1541896860,309.537
0.02541963,0.02543281,0.02541963,0.02543281,1541896920,740.1882
0.02543859,0.02543859,0.02543857,0.02543857,1541896980,596.4219
0.02543861,0.02543861,0.02543861,0.02543861,1541897040,217.1422
0.02543859,0.02543859,0.02541954,0.02541954,1541897100,282.0031
0.02543796,0.02543796,0.02541907,0.02541907,1541897160,1158.025
0.0254379,0.0254379,0.02541903,0.02541903,1541897220,577.5296
0.02542101,0.02542101,0.02540755,0.02541903,1541897280,561.7471
0.02541044,0.02543296,0.0254075,0.02543296,1541897340,893.1833
0.02542966,0.02542966,0.02542966,0.02542966,1541897400,443.4858
0.0254102,0.0254102,0.02541017,0.02541017,1541897460,903.8847
0.02542226,0.02542226,0.02541013,0.02541019,1541897520,300.1484
0.02542964,0.02542964,0.02540757,0.02540757,1541897580,824.4206
0.02540759,0.02540759,0.02540759,0.02540759,1541897640,640.8403
0.02540756,0.02542879,0.02540756,0.02542879,1541897700,595.8339
0.02542971,0.02542971,0.0254297,0.0254297,1541897760,941.0659
0.02539977,0.0254297,0.0253942,0.0254297,1541897820,3479.5453
0.02539347,0.02541941,0.02539347,0.02541941,1541897880,1709.8469
0.02539427,0.02541375,0.02539427,0.02541375,1541897940,563.2797
0.02541377,0.02541377,0.02539501,0.02539501,1541898000,455.4861
0.02541377,0.02541377,0.02541372,0.02541372,1541898060,856.3171
0.02540812,0.02541376,0.02540812,0.02541376,1541898120,331.2686
0.02541371,0.02541375,0.02541371,0.02541375,1541898180,831.654
0.02541377,0.02541377,0.02541377,0.02541377,1541898240,394.2871
0.02541377,0.02541377,0.02539801,0.02539801,1541898300,327.4492
0.02539973,0.02539973,0.02539973,0.02539973,1541898360,238.194
0.0253943,0.02541376,0.0253943,0.02541376,1541898420,970.302
0.02541369,0.02541369,0.02541369,0.02541369,1541898480,1044.7305
0.02539449,0.02539449,0.02539449,0.02539449,1541898540,423.9568
0.0253942,0.0254137,0.0253942,0.0254137,1541898600,1290.2403
0.02541374,0.02541374,0.0253943,0.0253943,1541898660,708.7953
0.02540193,0.02541369,0.02540193,0.02541369,1541898720,435.992
0.02539422,0.02541838,0.02538885,0.02541378,1541898780,985.1026
0.02541372,0.02541372,0.02539419,0.02539419,1541898840,431.5463
0.02541374,0.02541374,0.02539425,0.02539425,1541898900,781.6963
0.02541373,0.02541373,0.02541373,0.02541373,1541898960,962.0334
0.0253829,0.02541371,0.0253829,0.02541371,1541899020,1573.1632
0.02538288,0.02540194,0.02538288,0.02538635,1541899080,323.7752
0.02540038,0.02540038,0.02540038,0.02540038,1541899140,685.3548
0.02537334,0.02537767,0.02537334,0.0253734,1541899200,2150.4317
0.02537913,0.02538894,0.02537913,0.02538894,1541899260,363.7879
0.02538882,0.02538882,0.02537913,0.02537913,1541899320,309.4019
0.02538695,0.02538733,0.02537921,0.02537921,1541899380,1354.3276
0.02536528,0.02537913,0.02536528,0.02537913,1541899440,346.2434
0.0253937,0.0253937,0.02536524,0.02536524,1541899500,835.1848
0.02536524,0.02536524,0.02536524,0.02536524,1541899560,319.1515
0.02539222,0.02539222,0.02536529,0.02536529,1541899620,1129.8697
0.02539174,0.02539174,0.02538344,0.02538344,1541899680,310.8187
0.02537226,0.02537226,0.02537226,0.02537226,1541899740,264.8382
0.02539166,0.02539166,0.02537219,0.02537219,1541899800,717.8577
0.0253645,0.02539169,0.0253645,0.02539169,1541899860,472.0171
0.02536614,0.02536617,0.02536614,0.02536617,1541899920,1040.338
0.02536612,0.02536612,0.02536612,0.02536612,1541899980,355.0406
0.02536612,0.0253723,0.02536612,0.0253723,1541900040,464.8317
0.02538562,0.02538562,0.02538557,0.02538557,1541900100,824.4642
0.02538393,0.02538393,0.02536616,0.02536616,1541900160,415.7463
0.02538559,0.02538559,0.02538559,0.02538559,1541900220,290.9654
0.02536615,0.02538367,0.0253661,0.0253661,1541900280,823.2894
0.02535888,0.02536609,0.02535136,0.02536609,1541900340,609.722
0.02537004,0.02537004,0.02535889,0.02535892,1541900400,1005.413
0.02537841,0.02537841,0.02537841,0.02537841,1541900460,255.308
0.02537841,0.02537841,0.02537841,0.02537841,1541900520,234.6599
0.02539278,0.02539278,0.02535967,0.02537838,1541900580,2035.681
0.0253927,0.02539274,0.0253927,0.02539274,1541900640,610.6613
0.02539013,0.02539867,0.02536201,0.02539867,1541900700,1018.3594
0.02539011,0.02539013,0.02538643,0.02539013,1541900760,1124.0698
0.02539008,0.02539008,0.02539008,0.02539008,1541900820,398.679
0.02539015,0.02539015,0.02537067,0.02537067,1541900880,608.375
0.02537064,0.02538696,0.02537064,0.02538696,1541900940,267.2996
0.025376,0.0254,0.02537064,0.02539015,1541901000,783.6613
0.02539652,0.02539652,0.02537706,0.02537706,1541901060,646.3904
0.02539648,0.02539648,0.02539648,0.02539648,1541901120,293.244
0.02537698,0.02539655,0.02537698,0.02539655,1541901180,1066.529
0.02539647,0.02539647,0.02537956,0.02539592,1541901240,828.7176
0.0253965,0.0253965,0.0253706,0.0253706,1541901300,814.455
0.02537067,0.02537067,0.02537067,0.02537067,1541901360,387.1589
0.02539649,0.02539649,0.02537067,0.02538611,1541901420,1090.182
0.02537061,0.02537061,0.02537061,0.02537061,1541901480,312.9898
0.02539484,0.02539642,0.02539484,0.02539642,1541901540,318.1779
0.02538342,0.02538342,0.02535076,0.02537063,1541901600,1038.2256
0.02536398,0.02536398,0.02536398,0.02536398,1541901660,705.0413
0.02536474,0.02538344,0.02536473,0.02538344,1541901720,943.2964
0.02536479,0.02536479,0.02536479,0.02536479,1541901780,847.0253
0.02537038,0.02537038,0.02536475,0.02536475,1541901840,490.3322
0.02539038,0.02539656,0.02536478,0.02536478,1541901900,879.8646
0.02539045,0.02539045,0.02539045,0.02539045,1541901960,534.2508
0.02539043,0.02539043,0.02537173,0.02537173,1541902020,462.7309
0.02537096,0.02539037,0.02537096,0.02539037,1541902080,1366.4896
0.02539046,0.02539046,0.02537494,0.02539038,1541902140,398.7219
0.02539055,0.02539055,0.02539046,0.02539046,1541902200,396.5142
0.02540372,0.02540376,0.02539049,0.02539049,1541902260,1114.1824
0.02540369,0.02540376,0.02539896,0.02540376,1541902320,781.9799
0.02540699,0.02540699,0.02539046,0.02539896,1541902380,369.5552
0.02541311,0.0254194,0.02540699,0.02540699,1541902440,1634.7459
0.02539056,0.02541303,0.02539048,0.02541303,1541902500,472.0077
0.02542973,0.02542973,0.02539051,0.02539051,1541902560,383.2404
0.02541971,0.02542973,0.02541971,0.02542973,1541902620,767.6439
0.02541978,0.02541978,0.02541978,0.02541978,1541902680,288.7604
0.02541977,0.02542973,0.02541974,0.02542973,1541902740,1549.9423
0.02541972,0.02543864,0.02541972,0.02543003,1541902800,460.2408
0.02543094,0.02544279,0.02538504,0.02544279,1541902860,1743.2297
0.02540616,0.02540616,0.02538198,0.02539185,1541902920,245.1159
0.02538203,0.02541144,0.02538202,0.02538202,1541902980,1580.4324
0.02541138,0.02541138,0.02541138,0.02541138,1541903040,698.7217
0.02541141,0.02541141,0.02538439,0.0253946,1541903100,1070.0591
0.0253821,0.0253821,0.02538206,0.02538206,1541903160,829.0096
0.02539782,0.02539782,0.02538246,0.02538246,1541903220,375.5182
0.02538249,0.02538249,0.02538244,0.02538244,1541903280,991.0743
0.02541137,0.02541137,0.02541137,0.02541137,1541903340,551.914
0.02540291,0.02540291,0.02538196,0.02538204,1541903400,877.4024
0.02540085,0.02540085,0.02540085,0.02540085,1541903460,975.3614
0.025404,0.025404,0.02540076,0.02540076,1541903520,794.4219
0.02540398,0.02540398,0.02540084,0.02540084,1541903580,350.8929
0.02538447,0.02540397,0.02538447,0.02540397,1541903640,884.2536
0.02538446,0.02539076,0.02538446,0.02539076,1541903700,437.3937
0.02538449,0.02538449,0.02538449,0.02538449,1541903760,407.468
0.02540402,0.02540402,0.02538448,0.02538448,1541903820,828.446
0.02540398,0.02540398,0.02540213,0.02540213,1541903880,467.0948
0.02538453,0.02538453,0.02538453,0.02538453,1541903940,446.817
0.02540266,0.02540266,0.02538452,0.02538452,1541904000,1159.9633
0.02538446,0.02538446,0.02538446,0.02538446,1541904060,551.0789
0.02540401,0.02540401,0.02538453,0.02538453,1541904120,890.6422
0.02538448,0.02539504,0.02538448,0.02539504,1541904180,224.3969
0.0253845,0.0253845,0.0253845,0.0253845,1541904240,360.7152
0.02540296,0.02540296,0.02537649,0.02538446,1541904300,1058.2703
0.02539455,0.02539455,0.02537653,0.02537653,1541904360,363.909
0.02537651,0.02537657,0.02537651,0.02537657,1541904420,1418.5358
0.02537654,0.02537654,0.02537654,0.02537654,1541904480,917.0781
0.02540399,0.02540399,0.02540394,0.02540394,1541904540,289.9624
0.02537653,0.02540401,0.02537653,0.02540401,1541904600,658.7448
0.02540395,0.02540395,0.02540395,0.02540395,1541904660,370.3367
0.02540402,0.02540402,0.02539713,0.02540398,1541904720,1156.148
0.02537962,0.02537962,0.02537962,0.02537962,1541904780,249.9356
0.02537965,0.02537965,0.02537965,0.02537965,1541904840,426.2917
0.02537959,0.02538413,0.02537959,0.02538413,1541904900,1205.6963
0.02537963,0.02537963,0.02537963,0.02537963,1541904960,718.126
0.02539759,0.02540402,0.02539759,0.02540402,1541905020,1258.0147
0.02540399,0.025404,0.02540399,0.025404,1541905080,747.8117
0.0253765,0.0253765,0.0253765,0.0253765,1541905140,283.4573
0.02537652,0.02537905,0.02537652,0.02537905,1541905200,308.4719
0.02540392,0.02540392,0.02540392,0.02540392,1541905260,493.1716
0.02540293,0.02540293,0.02537657,0.02537657,1541905320,1332.4213
0.02540196,0.02540196,0.02540196,0.02540196,1541905380,210.8177
0.0253709,0.02537891,0.0253709,0.02537891,1541905440,738.0418
0.02539582,0.02539582,0.02537091,0.02537091,1541905500,659.9399
0.02539839,0.02539839,0.02539839,0.02539839,1541905560,316.039
0.02540393,0.02540396,0.02537093,0.02537093,1541905620,777.5617
0.02540403,0.02540403,0.02540403,0.02540403,1541905680,542.6819
0.025415,0.025415,0.02537767,0.02540396,1541905740,1191.6369
0.025409,0.02543096,0.025409,0.02541623,1541905800,457.112
0.02540504,0.02541096,0.02540504,0.025409,1541905860,1096.2687
0.02542016,0.0254245,0.02542016,0.0254245,1541905920,570.5921
0.02540539,0.02542455,0.02540506,0.02540506,1541905980,642.576
0.0254298,0.0254298,0.02541196,0.02541196,1541906040,870.5736
0.02542975,0.02542975,0.02541206,0.02541206,1541906100,1437.2693
0.02542988,0.02543536,0.02542983,0.02542983,1541906160,395.7807
0.0254399,0.02544288,0.02543005,0.02544288,1541906220,366.3845
0.02543005,0.02544288,0.02543005,0.02544093,1541906280,407.1416
0.02543045,0.02543045,0.02543026,0.02543026,1541906340,793.4455
0.02544467,0.02544706,0.02544467,0.02544706,1541906400,272.5412
0.02542978,0.02542984,0.02542978,0.02542984,1541906460,698.9606
0.02542968,0.02544711,0.02542968,0.02544711,1541906520,2105.4025
0.02541984,0.02543938,0.02541984,0.02542408,1541906580,293.4872
0.02541978,0.02541984,0.02541976,0.02541984,1541906640,1131.9361
0.02541894,0.02541984,0.02541894,0.02541984,1541906700,457.837
0.02541984,0.02541984,0.02541977,0.02541977,1541906760,498.2763
0.02541939,0.02544861,0.02541931,0.02541984,1541906820,1506.7035
0.02541934,0.02542469,0.02541934,0.02542469,1541906880,437.8722
0.02543885,0.02543885,0.02543885,0.02543885,1541906940,700.5958
0.02541935,0.02543885,0.02541935,0.02543885,1541907000,1089.6782
0.02541937,0.02543791,0.02541937,0.02543791,1541907060,808.0529
0.02540617,0.025432,0.0254,0.02541931,1541907120,1160.085
0.02539332,0.02542489,0.02539332,0.02542489,1541907180,361.3686
0.02539913,0.02541792,0.02539913,0.02539978,1541907240,370.1377
0.02539332,0.02541687,0.02539332,0.02541687,1541907300,1335.108
0.02538806,0.02540973,0.02538757,0.02538757,1541907360,271.5579
0.0253876,0.02541181,0.0253876,0.02541181,1541907420,535.4791
0.02541167,0.02541167,0.02541167,0.02541167,1541907480,553.2756
0.02541697,0.02541697,0.02538756,0.02538756,1541907540,447.5708
0.02541268,0.02541268,0.02541267,0.02541267,1541907600,1096.9357
0.02541272,0.02541272,0.02541272,0.02541272,1541907660,843.46
0.02541267,0.02541267,0.02539319,0.02541032,1541907720,1466.5429
0.0253932,0.0253932,0.0253932,0.0253932,1541907780,401.102
0.02540741,0.02541266,0.02540741,0.02541266,1541907840,298.1216
0.02539318,0.02539319,0.02539318,0.02539319,1541907900,1268.1804
0.02539319,0.02539319,0.02539319,0.02539319,1541907960,449.5958
0.02539324,0.0253945,0.02539324,0.0253945,1541908020,443.4619
0.02539323,0.02541267,0.02539323,0.02541267,1541908080,726.1184
0.02539966,0.02541274,0.02539966,0.02541274,1541908140,364.6389
0.02541269,0.02541274,0.02541266,0.02541274,1541908200,966.8006
0.02541869,0.02541869,0.02541869,0.02541869,1541908260,293.9671
0.02541269,0.02541802,0.02541269,0.02541802,1541908320,318.783
0.02541867,0.02541867,0.0254127,0.0254127,1541908380,940.244
0.02541839,0.02541839,0.02541266,0.02541266,1541908440,762.4303
0.02541269,0.02541863,0.02541269,0.02541863,1541908500,804.738
0.02541266,0.02541872,0.02541266,0.02541266,1541908560,437.0117
0.02541871,0.02541871,0.02541527,0.02541527,1541908620,849.196
0.02541864,0.02541864,0.02541269,0.02541269,1541908680,927.4281
0.02541662,0.02541863,0.02541662,0.02541863,1541908740,326.3838
0.02541865,0.02541865,0.02541865,0.02541865,1541908800,532.2575
0.02539804,0.02539809,0.02539804,0.02539809,1541908860,1339.5377
0.02543207,0.02543207,0.0254027,0.0254027,1541908920,797.1721
0.02542456,0.02542456,0.02542456,0.02542456,1541908980,1004.2141
0.02541623,0.02542457,0.02541623,0.02542448,1541909040,862.5708
0.02542453,0.02542453,0.02542453,0.02542453,1541909100,353.5539
0.02540503,0.02542457,0.025405,0.02542457,1541909160,703.6855
0.02540499,0.0254241,0.02540499,0.0254241,1541909220,254.0117
0.02540501,0.02542889,0.02540501,0.02542889,1541909280,1490.2281
0.02542906,0.02542908,0.02542906,0.02542908,1541909340,927.0312
0.025429,0.025429,0.02540504,0.02542157,1541909400,671.6794
0.02540499,0.02542908,0.02540499,0.02542908,1541909460,763.2924
0.02542799,0.02542799,0.02540505,0.02540505,1541909520,350.5773
0.02542901,0.02542901,0.02540498,0.02540498,1541909580,880.1691
0.02542902,0.02542902,0.02540498,0.02540498,1541909640,371.3848
0.02544098,0.02544098,0.02540504,0.02540504,1541909700,719.9877
0.02543133,0.02543133,0.02543133,0.02543133,1541909760,404.1473
0.02541182,0.02543133,0.02541182,0.0254119,1541909820,696.3656
0.02540502,0.02540502,0.02540502,0.02540502,1541909880,518.7336
0.02540502,0.02540502,0.025405,0.025405,1541909940,1120.4393
0.02543132,0.02543132,0.02541702,0.02541702,1541910000,380.5216
0.02543133,0.02543133,0.02543133,0.02543133,1541910060,389.6405
0.02540566,0.02543129,0.02540508,0.02540508,1541910120,711.0606
0.0254313,0.0254313,0.0254313,0.0254313,1541910180,1051.5091
0.02543135,0.02543137,0.02543135,0.02543137,1541910240,991.6476
0.02543129,0.02543129,0.0254241,0.0254241,1541910300,419.8039
0.02540503,0.02540503,0.02540503,0.02540503,1541910360,358.723
0.02542437,0.02543131,0.02540501,0.02540502,1541910420,649.3943
0.02540502,0.02541422,0.02540502,0.02541422,1541910480,695.1133
0.02539317,0.02541855,0.02539316,0.02540497,1541910540,529.4959
0.02542354,0.02542356,0.02542354,0.02542356,1541910600,1264.1512
0.02539319,0.02541588,0.02539319,0.02541588,1541910660,790.8182
0.02539316,0.02539316,0.02539316,0.02539316,1541910720,741.5217
0.02539318,0.02542319,0.02539318,0.02542319,1541910780,687.3677
0.02542189,0.02542198,0.0254151,0.0254151,1541910840,657.5689
0.02542192,0.02542192,0.02542192,0.02542192,1541910900,284.192
0.02542174,0.02542174,0.02540224,0.02540224,1541910960,786.1095
0.02543301,0.02543301,0.02539504,0.02540228,1541911020,1610.263
0.02540903,0.02542855,0.02540903,0.02542855,1541911080,1685.9433
0.02540905,0.02542401,0.02540905,0.02542401,1541911140,343.2699
0.02540906,0.02540906,0.02540906,0.02540906,1541911200,245.79
0.02542848,0.0254285,0.02541675,0.0254285,1541911260,982.3248
0.02540901,0.02540901,0.02540901,0.02540901,1541911320,226.1496
0.02542241,0.02542797,0.02540309,0.02542797,1541911380,736.7745
0.02542243,0.02542243,0.02539316,0.02540245,1541911440,741.5472
0.02542247,0.02542247,0.02542247,0.02542247,1541911500,510.9116
0.02542242,0.02542242,0.02539316,0.02539316,1541911560,725.397
0.02542244,0.02542244,0.02540315,0.02542192,1541911620,778.8542
0.02541733,0.02542242,0.02538751,0.02542242,1541911680,1254.0298
0.0254027,0.0254027,0.02539216,0.02539791,1541911740,412.9636
0.02541184,0.02541184,0.02541184,0.02541184,1541911800,268.4002
0.02539236,0.02539236,0.02539236,0.02539236,1541911860,1063.6132
0.0254109,0.02541184,0.0254109,0.02541184,1541911920,774.7352
0.02541184,0.02541188,0.02541184,0.02541188,1541911980,1139.4332
0.02539242,0.02539242,0.02539233,0.0253924,1541912040,682.4654
0.02538717,0.02541184,0.02538717,0.02541178,1541912100,425.2287
0.02541183,0.02541183,0.0253872,0.0253872,1541912160,997.2395
0.02539508,0.02539508,0.02539508,0.02539508,1541912220,0.4999
0.02538853,0.02541189,0.02538853,0.02541189,1541912280,715.014
0.02541192,0.02541192,0.02541185,0.02541185,1541912340,340.6403
0.0253911,0.02541088,0.0253911,0.02541088,1541912400,892.5676
0.02541734,0.02541737,0.02541734,0.02541737,1541912460,831.5664
0.02541575,0.02541739,0.0253885,0.0253885,1541912520,1726.6262
0.02541175,0.02541176,0.02539225,0.02539225,1541912580,1961.7198
0.02539225,0.02539233,0.02539225,0.02539233,1541912640,365.6194
0.02541143,0.02541151,0.02541143,0.02541151,1541912700,363.7668
0.02539234,0.02539234,0.02539233,0.02539233,1541912760,1121.1658
0.02539691,0.02539691,0.0253923,0.0253923,1541912820,741.5246
0.02541177,0.02541177,0.02539228,0.02539228,1541912880,444.5368
0.0253885,0.02539227,0.0253885,0.02539225,1541912940,1287.0501
0.02538852,0.02538966,0.02538852,0.02538966,1541913000,302.3897
0.02538857,0.02538857,0.02538857,0.02538857,1541913060,432.5454
0.02538853,0.02541126,0.0253885,0.0253885,1541913120,780.3436
0.02541249,0.02541249,0.0253885,0.02541068,1541913180,815.7979
0.02538854,0.02538854,0.02538854,0.02538854,1541913240,326.9016
0.02538856,0.02541322,0.02538856,0.02541322,1541913300,830.1922
0.02539394,0.02539394,0.0253885,0.02538857,1541913360,448.448
0.0254003,0.02541316,0.0253885,0.02541316,1541913420,1218.2733
0.02538858,0.02538858,0.02538858,0.02538858,1541913480,477.515
0.02538856,0.02541304,0.02538856,0.02541304,1541913540,962.2506
0.02541303,0.02541303,0.02540381,0.02540381,1541913600,396.6409
0.02538858,0.02538858,0.02538858,0.02538858,1541913660,873.9158
0.02541362,0.02541736,0.02541362,0.02541735,1541913720,1815.1785
0.02538854,0.02538854,0.02538854,0.02538854,1541913780,575.1407
0.02538853,0.02538853,0.02538853,0.02538853,1541913840,751.0521
0.02539147,0.02540885,0.02538866,0.02538866,1541913900,887.902
0.025394,0.025394,0.025394,0.025394,1541913960,432.5632
0.02539502,0.02539502,0.02539502,0.02539502,1541914020,346.2509
0.0254174,0.0254174,0.025395,0.025395,1541914080,1256.2085
0.02539857,0.02539857,0.02539857,0.02539857,1541914140,476.5354
0.02539857,0.0254174,0.02539857,0.0254174,1541914200,1231.4916
0.02541565,0.02541736,0.02541565,0.02541736,1541914260,480.3708
0.02541734,0.02541734,0.02541734,0.02541734,1541914320,466.57
0.02539851,0.02541741,0.02539851,0.02541741,1541914380,824.8544
0.02541986,0.02543748,0.02541026,0.02542208,1541914440,265.5393
0.02542448,0.02542448,0.0254003,0.02541986,1541914500,599.0693
0.02542903,0.02542903,0.02540127,0.02542448,1541914560,896.0662
0.02540555,0.02542018,0.02540555,0.02542018,1541914620,322.2759
0.02542912,0.02542912,0.02542905,0.02542905,1541914680,896.1786
0.0254307,0.02545121,0.02542682,0.02542682,1541914740,470.4155
0.02540722,0.02541908,0.02540722,0.02541908,1541914800,638.3771
0.02540026,0.02543142,0.02540026,0.02540549,1541914860,820.1249
0.02540332,0.02542276,0.02540332,0.02541881,1541914920,877.1557
0.02542281,0.02542281,0.02542281,0.02542281,1541914980,559.6437
0.02541815,0.02542275,0.02541815,0.02542275,1541915040,356.8385
0.02540331,0.02540331,0.02540331,0.02540331,1541915100,1036.4313
0.02542275,0.02542275,0.02540332,0.02540332,1541915160,1068.7517
0.02542288,0.02542288,0.02540593,0.02540593,1541915220,183.2436
0.02543141,0.02543141,0.02542289,0.02542289,1541915280,875.851
0.02541306,0.02543137,0.02541306,0.02542284,1541915340,262.1544
0.02540328,0.02540328,0.02540328,0.02540328,1541915400,371.2086
0.02540329,0.02540329,0.02540329,0.02540329,1541915460,469.13
0.0254314,0.0254314,0.02540963,0.02543136,1541915520,666.7326
0.02544221,0.02544221,0.02543137,0.02543137,1541915580,1218.6906
0.02541265,0.02541265,0.02541263,0.02541263,1541915640,855.6765
0.02543212,0.02543212,0.02541984,0.02541984,1541915700,225.2417
0.02543212,0.02543212,0.02543212,0.02543212,1541915760,530.8056
0.02543214,0.02543214,0.02541985,0.02541985,1541915820,822.3044
0.02544175,0.02544175,0.0254126,0.02541984,1541915880,409.3371
0.02541707,0.02544199,0.02541701,0.02541701,1541915940,978.9788
0.02544198,0.02544198,0.02543058,0.02543058,1541916000,294.5579
0.02541707,0.02544196,0.02541707,0.02544196,1541916060,1208.596
0.02543108,0.02544193,0.02543108,0.02544193,1541916120,375.014
0.02541704,0.02544287,0.02541701,0.02541701,1541916180,687.0264
0.02543618,0.02543618,0.02541708,0.02541708,1541916240,582.9423
0.02544693,0.02544695,0.02544693,0.02544695,1541916300,291.1416
0.02544189,0.02544594,0.02544189,0.02544594,1541916360,765.2922
0.02542752,0.02543222,0.02540374,0.025417,1541916420,599.3688
0.02541271,0.02541271,0.02541266,0.02541266,1541916480,1306.974
0.02541266,0.02541266,0.02541266,0.02541266,1541916540,249.9531
0.02541267,0.0254316,0.02541267,0.0254316,1541916600,441.1339
0.02540464,0.02541271,0.02539713,0.02541271,1541916660,806.2673
0.02540468,0.02541392,0.02540468,0.02541392,1541916720,467.8316
0.02542419,0.02542419,0.02540462,0.02540462,1541916780,558.7217
0.02542418,0.02542418,0.02540462,0.02540462,1541916840,943.4997
0.02542417,0.02542417,0.02541824,0.02541824,1541916900,540.9368
0.02542413,0.02542419,0.02540462,0.02542419,1541916960,960.4585
0.02542407,0.02542422,0.02541328,0.02542422,1541917020,816.4049
0.02541337,0.02543216,0.02541337,0.02542407,1541917080,935.6227
0.02543218,0.02543218,0.02543218,0.02543218,1541917140,452.5571
0.02543225,0.02543225,0.0254196,0.0254196,1541917200,414.6439
0.0254137,0.0254137,0.0254137,0.0254137,1541917260,404.8189
0.0254366,0.0254366,0.0254229,0.0254229,1541917320,414.0175
0.02541397,0.02541397,0.02541397,0.02541397,1541917380,428.732
0.02541394,0.02541397,0.02541394,0.02541397,1541917440,1438.309
0.02543052,0.02543052,0.02541594,0.02541594,1541917500,502.0034
0.02543051,0.02543051,0.02543051,0.02543051,1541917560,352.6941
0.02541594,0.02543056,0.02541594,0.0254305,1541917620,917.0597
0.02541103,0.02543056,0.02541103,0.02543056,1541917680,1606.1326
0.02541113,0.02541113,0.02541113,0.02541113,1541917740,286.4662
0.02544321,0.02545137,0.02542059,0.02542059,1541917800,420.3857
0.02542374,0.02544317,0.02542374,0.02544317,1541917860,1495.5982
0.02542361,0.02544317,0.02542361,0.02544317,1541917920,882.3726
0.02542361,0.02542361,0.02542361,0.02542361,1541917980,0.0
0.02541098,0.0254236,0.02541098,0.0254236,1541918040,392.7917
0.02540469,0.02541093,0.02540469,0.02541093,1541918100,780.012
0.02539459,0.02540462,0.02539459,0.02540462,1541918160,678.9733
0.02539912,0.02539912,0.02539457,0.02539459,1541918220,494.047
0.02539463,0.02539912,0.02539459,0.02539459,1541918280,1120.9676
0.02539461,0.02539912,0.02539461,0.02539912,1541918340,344.8877
0.02539905,0.02539905,0.02539733,0.02539903,1541918400,672.473
0.02539909,0.02539909,0.02539909,0.02539909,1541918460,376.7127
0.02538647,0.02539909,0.02538647,0.02539907,1541918520,1035.7856
0.02540746,0.02540746,0.02538647,0.02538647,1541918580,349.5869
0.02540844,0.02540844,0.02540742,0.02540742,1541918640,465.6364
0.02540617,0.02540617,0.0253866,0.0253866,1541918700,753.2569
0.02539084,0.02543199,0.02539084,0.02541248,1541918760,936.7739
0.02540925,0.02542093,0.02540925,0.02542091,1541918820,643.1821
0.02540135,0.02540137,0.02540135,0.02540137,1541918880,1071.9551
0.0254014,0.0254014,0.0254014,0.0254014,1541918940,789.1058
0.0254059,0.02542088,0.02540583,0.02542088,1541919000,203.9867
0.02540137,0.02542088,0.02540137,0.02542088,1541919060,1360.9386
0.0254209,0.0254209,0.0254209,0.0254209,1541919120,368.3766
0.02542091,0.02542091,0.0254014,0.02541135,1541919180,1076.0748
0.02542632,0.02542699,0.02542093,0.02542093,1541919240,472.6301
0.02540682,0.02541704,0.02540677,0.02540677,1541919300,883.8236
0.02542629,0.02542629,0.02542629,0.02542629,1541919360,504.0677
0.02540678,0.02540678,0.02540678,0.02540678,1541919420,348.4572
0.02542633,0.02542633,0.02540993,0.02540993,1541919480,759.2076
0.02540995,0.02542633,0.02540995,0.02542633,1541919540,1220.8477
0.02542635,0.02542635,0.02542635,0.02542635,1541919600,410.776
0.02542628,0.02542628,0.02542628,0.02542628,1541919660,472.8251
0.02542631,0.02542631,0.02540999,0.02540999,1541919720,655.3379
0.02542631,0.02542631,0.02542631,0.02542631,1541919780,364.5215
0.02540683,0.02540683,0.02540683,0.02540683,1541919840,374.7676
0.02542632,0.02542632,0.02542141,0.02542141,1541919900,745.8385
0.02540678,0.02542635,0.02540678,0.02542635,1541919960,991.8166
0.02541119,0.02541119,0.02540684,0.02540684,1541920020,400.9797
0.02541684,0.02541684,0.02540677,0.02540677,1541920080,1341.4651
0.02542634,0.02542634,0.02542634,0.02542634,1541920140,530.8389
0.02542631,0.02542631,0.02541682,0.02541682,1541920200,416.6621
0.02541678,0.02542631,0.02541678,0.02542631,1541920260,588.3862
0.02543708,0.02544111,0.02541683,0.02542636,1541920320,473.1179
0.0254168,0.02544,0.02541678,0.02541678,1541920380,913.9274
0.02544106,0.02544106,0.02544106,0.02544106,1541920440,375.5752
0.02541686,0.02544103,0.02541686,0.02544103,1541920500,1219.3692
0.02541686,0.02541686,0.02541686,0.02541686,1541920560,299.7085
0.02544108,0.0254411,0.02541909,0.0254411,1541920620,1003.29
0.02544105,0.02544105,0.02544105,0.02544105,1541920680,339.6195
0.02544105,0.02544105,0.02544105,0.02544105,1541920740,775.4537
0.02544104,0.02544107,0.02543497,0.02544107,1541920800,1327.0328
0.02541682,0.02541682,0.02541682,0.02541682,1541920860,273.258
0.02543168,0.02544106,0.02543168,0.02544106,1541920920,242.8325
0.02540683,0.02543699,0.02540677,0.02541678,1541920980,869.752
0.02540679,0.02543442,0.02540679,0.02543442,1541921040,1172.082
0.02542738,0.02542738,0.02540134,0.02540676,1541921100,353.1086
0.02540794,0.02540794,0.02540794,0.02540794,1541921160,409.9872
0.02540789,0.0254079,0.02540789,0.0254079,1541921220,609.8699
0.02542691,0.02542691,0.02541337,0.02541337,1541921280,878.4821
0.02542732,0.02542732,0.02540783,0.02540783,1541921340,727.6136
0.02541668,0.02541668,0.02540788,0.02540788,1541921400,397.1795
0.02540143,0.02542738,0.02540143,0.02542738,1541921460,1724.178
0.02541969,0.02541977,0.0254,0.02540133,1541921520,577.8853
0.02540026,0.0254171,0.02540023,0.02540023,1541921580,960.0321
0.02541971,0.02541971,0.02541971,0.02541971,1541921640,423.3897
0.02540024,0.02540024,0.02540024,0.02540024,1541921700,377.241
0.02540634,0.02540634,0.02540629,0.02540629,1541921760,648.1616
0.02540634,0.0254197,0.02540634,0.0254197,1541921820,889.295
0.02541134,0.02541134,0.02540637,0.02540637,1541921880,394.7427
0.02540132,0.02541977,0.02540132,0.02541969,1541921940,895.5888
0.02541974,0.02541974,0.02541974,0.02541974,1541922000,343.3695
0.02541578,0.02542741,0.02541577,0.02541977,1541922060,812.527
0.02542734,0.02542734,0.0254158,0.0254158,1541922120,1308.7708
0.02542732,0.02542732,0.02542415,0.02542415,1541922180,483.4299
0.02542737,0.02542737,0.02542737,0.02542737,1541922240,427.2368
0.02541586,0.02542733,0.02541586,0.02542733,1541922300,739.6614
0.02541152,0.02542629,0.02541152,0.02541661,1541922360,419.2441
0.02541146,0.02541149,0.02541146,0.02541149,1541922420,469.4182
0.0254274,0.0254274,0.02541743,0.02542735,1541922480,1088.55
0.02541155,0.02541155,0.02541155,0.02541155,1541922540,550.8237
0.0254274,0.0254274,0.0254274,0.0254274,1541922600,695.7756
0.02542737,0.02542737,0.02542313,0.02542313,1541922660,619.0331
0.02542734,0.02542734,0.02542734,0.02542734,1541922720,447.3863
0.02542454,0.02542733,0.02541147,0.02542733,1541922780,636.6403
0.02542737,0.02542737,0.02542737,0.02542737,1541922840,378.0661
0.02541154,0.02542736,0.02541154,0.02542736,1541922900,883.3073
0.02541383,0.02541383,0.02541376,0.02541376,1541922960,910.0438
0.0254138,0.0254138,0.0254138,0.0254138,1541923020,743.6882
0.02542493,0.02542733,0.02541384,0.02542733,1541923080,904.5587
0.02542738,0.02542738,0.02542738,0.02542738,1541923140,606.3911
0.0254138,0.02541381,0.0254138,0.02541381,1541923200,1464.0723
0.02542183,0.02542734,0.02542183,0.02542734,1541923260,393.1528
0.02541154,0.02542734,0.02541154,0.02542734,1541923320,861.9103
0.02542737,0.02542737,0.02542737,0.02542737,1541923380,470.0398
0.0254115,0.02542734,0.0254115,0.02542734,1541923440,712.5941
0.02541153,0.02541153,0.02541153,0.02541153,1541923500,329.2536
0.02542384,0.02542384,0.02541146,0.02541146,1541923560,878.1654
0.0254238,0.0254238,0.02541146,0.0254129,1541923620,416.0448
0.02539087,0.02542189,0.02539075,0.02542189,1541923680,1279.6373
0.02538653,0.02539802,0.02538653,0.02539079,1541923740,395.647
0.02537762,0.02539492,0.02537762,0.02539492,1541923800,368.2542
0.02538984,0.02538989,0.0253717,0.02537762,1541923860,1161.6052
0.02538977,0.02538977,0.02538094,0.02538094,1541923920,441.1341
0.02537179,0.02539688,0.02537179,0.02539688,1541923980,653.8803
0.02537779,0.02539191,0.02537779,0.02539191,1541924040,602.3911
0.02537174,0.02537174,0.0253717,0.02537173,1541924100,787.4273
0.02537177,0.02537177,0.02537177,0.02537177,1541924160,964.5124
0.0253717,0.02538298,0.0253717,0.02538298,1541924220,249.23
0.02537178,0.02538989,0.02537178,0.02538989,1541924280,1023.4667
0.02536625,0.0253919,0.02535894,0.0253717,1541924340,1024.5789
0.02536333,0.0253828,0.02536333,0.0253828,1541924400,581.9154
0.02536332,0.02536332,0.02536332,0.02536332,1541924460,1150.0009
0.02536623,0.02538283,0.02536623,0.02538283,1541924520,1074.5856
0.02538278,0.02538278,0.02538278,0.02538278,1541924580,178.948
0.02538276,0.02538276,0.02536332,0.02536332,1541924640,921.9935
0.02536329,0.02538279,0.02536329,0.02538279,1541924700,590.5792
0.02536335,0.02536335,0.02536335,0.02536335,1541924760,348.4524
0.02536719,0.02538283,0.02536719,0.02538276,1541924820,1257.8844
0.02538279,0.02538279,0.02538279,0.02538279,1541924880,319.376
0.02538278,0.0253828,0.02538278,0.0253828,1541924940,740.1392
0.02536336,0.02536623,0.02536328,0.02536328,1541925000,1495.0954
0.02536333,0.02536333,0.02536333,0.02536333,1541925060,707.2004
0.02536875,0.02538988,0.02536875,0.02538284,1541925120,455.0179
0.02536876,0.02538127,0.02536876,0.02538127,1541925180,338.8697
0.0253882,0.0253882,0.0253882,0.0253882,1541925240,348.8912
0.02538819,0.02538819,0.02536876,0.02536876,1541925300,767.9497
0.02538821,0.02538821,0.02538821,0.02538821,1541925360,246.4748
0.02536877,0.02536877,0.0253687,0.0253687,1541925420,1501.0919
0.02536878,0.02537582,0.02536878,0.02537582,1541925480,177.365
0.02538819,0.02538819,0.02536877,0.02536877,1541925540,1137.9589
0.02537368,0.02538827,0.02536877,0.02538827,1541925600,781.7307
0.02538823,0.02538823,0.02538823,0.02538823,1541925660,547.8511
0.02538822,0.02538822,0.02537377,0.02537377,1541925720,733.6925
0.02538819,0.02538819,0.02538818,0.02538818,1541925780,1464.1688
0.02537374,0.02537374,0.02537374,0.02537374,1541925840,292.1072
0.02536874,0.02538819,0.02536874,0.02538819,1541925900,891.0278
0.0253687,0.02537179,0.0253687,0.02537179,1541925960,250.6696
0.02538827,0.02538827,0.02536871,0.02536871,1541926020,779.0042
0.02537812,0.02538823,0.02537812,0.02538823,1541926080,464.4796
0.02536897,0.02536897,0.02536897,0.02536897,1541926140,445.2018
0.02538833,0.02538833,0.0253882,0.0253882,1541926200,947.9458
0.02538835,0.02539362,0.02538835,0.02539362,1541926260,382.3568
0.02539361,0.02539361,0.02538834,0.02538834,1541926320,715.8416
0.02539361,0.02539361,0.02539361,0.02539361,1541926380,0.0
0.02539361,0.02539361,0.02539361,0.02539361,1541926440,0.0
0.02539362,0.02539362,0.02539362,0.02539362,1541926500,0.4615
0.02539899,0.02539899,0.02539362,0.02539362,1541926560,434.2615
0.02540432,0.02540432,0.02540432,0.02540432,1541926620,398.186
0.02539953,0.02540431,0.02539953,0.02540431,1541926680,490.8809
0.02539807,0.02540431,0.02539807,0.02540431,1541926740,543.071
0.02540429,0.02540429,0.02540429,0.02540429,1541926800,943.1126
0.02539805,0.02540428,0.02539805,0.02540428,1541926860,833.8827
0.02537702,0.02540233,0.02537702,0.02540233,1541926920,422.3349
0.02537704,0.02540432,0.02537704,0.02540432,1541926980,1022.6364
0.02539567,0.02540437,0.02539567,0.02540437,1541927040,356.4163
0.0254004,0.0254004,0.0254004,0.0254004,1541927100,297.2304
0.02538088,0.02540034,0.02538088,0.02540034,1541927160,1166.7565
0.02538088,0.02539134,0.02538088,0.02539134,1541927220,570.0374
0.02540035,0.02540035,0.0253809,0.0253809,1541927280,692.6453
0.02536881,0.02539544,0.02536881,0.02538092,1541927340,315.6748
0.02539437,0.02539437,0.02539437,0.02539437,1541927400,374.7779
0.02539437,0.02539437,0.02537486,0.02537486,1541927460,774.5164
0.02537489,0.02539215,0.02537489,0.02539215,1541927520,689.4542
0.02539431,0.02539432,0.02539431,0.02539432,1541927580,1278.3899
0.02538849,0.02539426,0.02538849,0.02539426,1541927640,801.3776
0.02537489,0.02537489,0.02537489,0.02537489,1541927700,503.5561
0.0253749,0.02539428,0.0253749,0.02539428,1541927760,907.4468
0.02539416,0.02539416,0.02538794,0.02538794,1541927820,422.8812
0.02537488,0.02539435,0.02537488,0.02539435,1541927880,855.4701
0.02537519,0.02539437,0.02537519,0.02539437,1541927940,481.6283
0.02537488,0.02537489,0.02537488,0.02537489,1541928000,1435.5014
0.02539406,0.02539406,0.02539406,0.02539406,1541928060,422.8003
0.02539398,0.02539407,0.02539197,0.02539407,1541928120,943.4342
0.02539375,0.02539375,0.02539375,0.02539375,1541928180,386.9911
0.02537489,0.0253789,0.02537485,0.02537485,1541928240,1125.6303
0.02537489,0.02537489,0.02537489,0.02537489,1541928300,651.4087
0.02537489,0.0253749,0.02537489,0.0253749,1541928360,480.6691
0.02539386,0.02539386,0.02537482,0.02539363,1541928420,764.5384
0.02536883,0.02536883,0.02536883,0.02536883,1541928480,353.7456
0.02536889,0.02536889,0.02536881,0.02536881,1541928540,1332.4018
0.02538798,0.02538798,0.02536888,0.02536888,1541928600,442.302
0.02538891,0.02538891,0.0253688,0.02536885,1541928660,1584.4846
0.02538879,0.02538896,0.02536924,0.02538166,1541928720,848.588
0.02538879,0.02538879,0.02536889,0.02536889,1541928780,300.5945
0.02537807,0.02537807,0.02536881,0.02536881,1541928840,334.6904
0.02539436,0.02539438,0.02539436,0.02539438,1541928900,840.8955
0.0253929,0.02539438,0.0253929,0.02539438,1541928960,702.5166
0.02536873,0.02537256,0.02536869,0.0253688,1541929020,672.577
0.02539437,0.02539437,0.02536871,0.02536871,1541929080,1193.589
0.0253824,0.0253824,0.02536871,0.02536871,1541929140,515.5935
0.02536875,0.02536875,0.02536875,0.02536875,1541929200,406.98
0.0253943,0.02539439,0.0253943,0.02539432,1541929260,1387.1043
0.02541629,0.02541629,0.02539433,0.02539433,1541929320,53.1623
0.0254163,0.0254163,0.02538839,0.02538839,1541929380,311.1263
0.02538842,0.02541628,0.02538842,0.02541628,1541929440,1040.3201
0.02541626,0.02541629,0.0254061,0.0254061,1541929500,1310.6267
0.02538841,0.02538841,0.02538841,0.02538841,1541929560,414.9589
0.02536869,0.02540924,0.02536869,0.02538836,1541929620,1045.6067
0.02539239,0.02541196,0.02539239,0.02541196,1541929680,265.1022
0.02539239,0.02541597,0.02539239,0.02539244,1541929740,720.676
0.02541492,0.02541492,0.02539613,0.02539613,1541929800,501.485
0.02541625,0.02541625,0.02541625,0.02541625,1541929860,348.2077
0.02541624,0.02541624,0.02539378,0.02541623,1541929920,1287.4208
0.02539383,0.02539383,0.02539383,0.02539383,1541929980,441.087
0.02541626,0.02541626,0.02541626,0.02541626,1541930040,863.3339
0.02541628,0.02541628,0.02539385,0.02539385,1541930100,1211.0216
0.02539385,0.02539385,0.02539385,0.02539385,1541930160,1010.8333
0.02541621,0.02541627,0.02541621,0.02541627,1541930220,673.7026
0.02539245,0.02539245,0.02539245,0.02539245,1541930280,330.6109
0.02541626,0.02541626,0.02541623,0.02541623,1541930340,1907.5438
0.02541627,0.02541627,0.02541627,0.02541627,1541930400,511.4687
0.02541628,0.02541628,0.02539246,0.02539246,1541930460,487.8981
0.02539763,0.02542305,0.02539239,0.0254163,1541930520,719.009
0.02540063,0.02541991,0.02540063,0.02541991,1541930580,408.1417
0.02540062,0.02540069,0.02540062,0.02540069,1541930640,784.9829
0.0254007,0.0254007,0.0254007,0.0254007,1541930700,550.755
0.02540069,0.02540069,0.02540069,0.02540069,1541930760,406.6646
0.02540069,0.02542017,0.02540069,0.02542017,1541930820,849.346
0.02541043,0.02541043,0.02541043,0.02541043,1541930880,664.3113
0.0254202,0.0254202,0.02540068,0.02542013,1541930940,920.1547
0.02542013,0.02542013,0.02540065,0.02540065,1541931000,1492.4502
0.02542013,0.02542013,0.02541972,0.02541972,1541931060,867.3546
0.02540065,0.02540065,0.02540065,0.02540065,1541931120,396.6576
0.02542019,0.02542019,0.0254007,0.0254007,1541931180,917.729
0.0254202,0.0254202,0.02540067,0.02540067,1541931240,241.9335
0.02536869,0.02540066,0.02536869,0.02540062,1541931300,1077.6986
0.02538896,0.0253897,0.02538896,0.0253897,1541931360,883.1219
0.02538644,0.02538891,0.02536869,0.02536946,1541931420,351.1329
0.02538889,0.02538889,0.02538889,0.02538889,1541931480,449.3189
0.02538696,0.02538796,0.02536869,0.02538796,1541931540,891.6153
0.02536869,0.02536931,0.02536869,0.02536869,1541931600,1376.1671
0.0253633,0.0253633,0.0253633,0.0253633,1541931660,435.4617
0.02537255,0.02537255,0.02535394,0.02536329,1541931720,778.9752
0.0253725,0.0253725,0.02536434,0.02536434,1541931780,337.5984
0.0253532,0.0253532,0.0253532,0.0253532,1541931840,435.2549
0.02537269,0.02537269,0.02537269,0.02537269,1541931900,659.8938
0.02537266,0.02537266,0.02535327,0.02535327,1541931960,848.6328
0.0253727,0.0253727,0.02537268,0.02537268,1541932020,268.023
0.0253532,0.0253532,0.0253532,0.0253532,1541932080,467.7996
0.02537263,0.02537263,0.02535316,0.02535316,1541932140,1095.1257
0.02537265,0.02537265,0.02537265,0.02537265,1541932200,845.1172
0.02535327,0.02535327,0.02535327,0.02535327,1541932260,512.0126
0.02536032,0.02538312,0.02535676,0.02537267,1541932320,1345.5386
0.02537982,0.02537982,0.02537982,0.02537982,1541932380,878.2234
0.02537152,0.02537152,0.02536029,0.02536029,1541932440,960.7654
0.02536027,0.02536028,0.02536027,0.02536028,1541932500,644.4473
0.02534634,0.02536026,0.02534634,0.02536026,1541932560,905.4552
0.02537268,0.02537268,0.02536887,0.02536887,1541932620,339.7123
0.02537271,0.02537274,0.02535319,0.02537274,1541932680,953.2039
0.02536483,0.02536483,0.0253532,0.0253532,1541932740,341.1271
0.02535325,0.0253598,0.02535325,0.0253598,1541932800,451.6439
0.02535328,0.02535328,0.02535325,0.02535325,1541932860,632.5374
0.02536704,0.02536704,0.02535323,0.02535323,1541932920,565.49
0.02535322,0.02535324,0.02535322,0.02535324,1541932980,709.3472
0.02535321,0.02535321,0.02535321,0.02535321,1541933040,316.7397
0.02535327,0.02535856,0.02535323,0.02535856,1541933100,614.0455
0.02535324,0.02535324,0.02535324,0.02535324,1541933160,656.7617
0.02536273,0.02537272,0.02536273,0.02537272,1541933220,464.0295
0.02535323,0.02535323,0.02535323,0.02535323,1541933280,339.6887
0.02535323,0.02535323,0.0253532,0.0253532,1541933340,1265.0216
0.02537272,0.02537272,0.02536586,0.02536586,1541933400,543.6797
0.02537275,0.02537275,0.02537275,0.02537275,1541933460,391.6451
0.02535327,0.02536999,0.02535324,0.02535324,1541933520,952.9249
0.02537269,0.02537269,0.0253532,0.0253532,1541933580,520.3645
0.02537251,0.02537251,0.02537251,0.02537251,1541933640,795.7999
0.02537274,0.02537274,0.02536514,0.02537228,1541933700,1121.63
0.0253532,0.0253532,0.0253532,0.0253532,1541933760,356.4638
0.02537276,0.02537276,0.02535328,0.0253533,1541933820,382.5001
0.0253727,0.02537273,0.0253727,0.02537273,1541933880,1138.6202
0.02537275,0.02537275,0.02535328,0.02535342,1541933940,1961.9482
0.0253727,0.0253727,0.02537105,0.02537105,1541934000,254.0533
0.02537269,0.02537269,0.02537269,0.02537269,1541934060,785.8606
0.02537272,0.02537272,0.02535331,0.02535331,1541934120,1073.5498
0.0253727,0.0253727,0.02536453,0.02536453,1541934180,396.2528
0.02537272,0.02537272,0.02535322,0.02535322,1541934240,646.96
0.02537293,0.02538903,0.02535347,0.02537276,1541934300,621.0117
0.02537851,0.02537851,0.02535379,0.02535379,1541934360,554.6573
0.02538127,0.02538127,0.02536185,0.02536185,1541934420,835.916
0.02538895,0.02538904,0.02537713,0.02537713,1541934480,926.4198
0.02537716,0.02537716,0.02537714,0.02537714,1541934540,871.322
0.02537719,0.02537719,0.02537719,0.02537719,1541934600,306.8162
0.02537713,0.0253772,0.02537713,0.0253772,1541934660,428.3832
0.02538882,0.02538882,0.02536935,0.02536935,1541934720,710.2498
0.02538716,0.02538878,0.02538716,0.02538878,1541934780,240.2641
0.02538878,0.02538878,0.0253693,0.0253693,1541934840,823.3733
0.02538881,0.02538881,0.02538881,0.02538881,1541934900,745.7147
0.02538881,0.02538881,0.02536935,0.02536935,1541934960,835.8822
0.0253693,0.0253693,0.0253693,0.0253693,1541935020,376.805
0.02538883,0.02538883,0.02538881,0.02538881,1541935080,266.4997
0.02538888,0.02538904,0.02538885,0.02538885,1541935140,948.2641
0.02538888,0.02539422,0.02538888,0.0253934,1541935200,1024.0802
0.0253942,0.0253942,0.0253942,0.0253942,1541935260,463.9325
0.02536941,0.02539298,0.02536941,0.02536941,1541935320,1612.72
0.02536936,0.02536936,0.02536936,0.02536936,1541935380,254.5045
0.02539428,0.02539428,0.02539428,0.02539428,1541935440,319.19
0.02539428,0.02539428,0.02536931,0.02536931,1541935500,696.8213
0.02539428,0.02539428,0.02539428,0.02539428,1541935560,0.0
0.02540472,0.02540481,0.02539429,0.02539429,1541935620,873.0347
0.0254048,0.0254048,0.0254048,0.0254048,1541935680,347.3626
0.02540475,0.02540476,0.02540475,0.02540476,1541935740,876.4618
0.02539428,0.02540475,0.02539428,0.02540236,1541935800,694.6752
0.02540477,0.02540477,0.02539428,0.02539428,1541935860,455.6015
0.02539928,0.02540476,0.02539436,0.02540476,1541935920,1155.8866
0.02539428,0.02539432,0.02539428,0.02539432,1541935980,719.4831
0.02540479,0.02540479,0.02539428,0.02539428,1541936040,1352.9407
0.02539428,0.02539541,0.02539428,0.02539428,1541936100,1265.7865
0.02539428,0.02540477,0.02539428,0.02540477,1541936160,1407.7363
0.02539003,0.02540475,0.02539003,0.02539428,1541936220,689.4996
0.02537727,0.02537727,0.02537724,0.02537724,1541936280,972.9298
0.02539676,0.02539676,0.02539676,0.02539676,1541936340,468.484
0.02537807,0.02537807,0.02537723,0.02537723,1541936400,218.4498
0.02539673,0.02539677,0.02539673,0.02539677,1541936460,1367.2477
0.02537724,0.02537724,0.02537724,0.02537724,1541936520,430.0224
0.02539266,0.02539269,0.02537722,0.02537722,1541936580,435.9197
0.02536933,0.02536933,0.02536931,0.02536931,1541936640,1604.4866
0.02540474,0.02540474,0.0253968,0.0253968,1541936700,546.6332
0.02537911,0.02539681,0.02537875,0.02537875,1541936760,910.1832
0.0253795,0.0253795,0.0253795,0.0253795,1541936820,876.4448
0.02540477,0.02540477,0.02537944,0.02537944,1541936880,738.0218
0.02537726,0.02540449,0.02537726,0.02538385,1541936940,347.5363
0.02540476,0.02540476,0.02540476,0.02540476,1541937000,230.556
0.02537736,0.02537736,0.02537724,0.02537728,1541937060,1434.2939
0.02537728,0.02537983,0.02537728,0.02537983,1541937120,298.4364
0.02540474,0.02540474,0.02540474,0.02540474,1541937180,317.0608
0.02537728,0.02540478,0.02537728,0.02540478,1541937240,1367.09
0.02540473,0.02540473,0.02540473,0.02540473,1541937300,484.5071
0.02537729,0.02540474,0.02537729,0.02540474,1541937360,703.7962
0.0254048,0.0254048,0.02538572,0.02538572,1541937420,526.6695
0.02540292,0.02540479,0.02540292,0.02540479,1541937480,1405.2279
0.02539857,0.02539857,0.02537732,0.02537732,1541937540,348.604
0.02537729,0.02537731,0.02537729,0.02537731,1541937600,1028.2116
0.02540469,0.02540469,0.02540469,0.02540469,1541937660,445.8973
0.0254048,0.0254048,0.02537731,0.02537731,1541937720,702.0137
0.02540477,0.02540477,0.02540477,0.02540477,1541937780,478.5795
0.02538477,0.02538916,0.02538414,0.02538414,1541937840,392.4444
0.02540409,0.02540409,0.02537724,0.02538413,1541937900,569.009
0.0254041,0.0254041,0.0254041,0.0254041,1541937960,386.4301
0.02538797,0.0254041,0.02538797,0.0254041,1541938020,455.3832
0.02540402,0.02540402,0.02538463,0.02538463,1541938080,970.1545
0.02540293,0.02540293,0.02540293,0.02540293,1541938140,545.056
0.02536935,0.02539595,0.02536931,0.02538457,1541938200,903.0539
0.02539591,0.02539591,0.02539591,0.02539591,1541938260,418.9158
0.02540416,0.02540416,0.02536933,0.02536933,1541938320,383.7443
0.02540412,0.02540412,0.02540412,0.02540412,1541938380,632.5512
0.02537492,0.02537492,0.02537492,0.02537492,1541938440,629.4174
0.02537487,0.02540223,0.02537484,0.02540223,1541938500,1453.0192
0.0253896,0.0253896,0.02536867,0.02537484,1541938560,446.9311
0.0253687,0.02537261,0.0253687,0.0253687,1541938620,695.4171
0.02539189,0.02539189,0.02539189,0.02539189,1541938680,363.1626
0.0253692,0.02536956,0.02535565,0.02536872,1541938740,482.0754
0.02538591,0.0253869,0.02538591,0.0253869,1541938800,1703.9304
0.02536454,0.02536454,0.02536454,0.02536454,1541938860,252.6403
0.02538479,0.02538479,0.0253798,0.0253798,1541938920,328.4888
0.02536448,0.02536448,0.02536448,0.02536448,1541938980,330.63
0.02538374,0.02538374,0.02536447,0.02536456,1541939040,1071.4125
0.02535319,0.0253745,0.02535319,0.0253745,1541939100,893.2141
0.02535263,0.02535263,0.02535256,0.02535256,1541939160,1302.8213
0.02535976,0.02537203,0.02535976,0.02537203,1541939220,562.1314
0.0253721,0.0253721,0.02537207,0.02537207,1541939280,1035.5713
0.02535261,0.02535261,0.02535261,0.02535261,1541939340,580.2771
0.0253721,0.02538299,0.02535262,0.02537212,1541939400,970.2514
0.0253721,0.02537767,0.0253721,0.02537767,1541939460,1278.4307
0.02536488,0.0253721,0.02535813,0.0253721,1541939520,872.8041
0.02537761,0.02537761,0.02537761,0.02537761,1541939580,626.7939
0.02535821,0.02535822,0.02535821,0.02535822,1541939640,814.4925
0.02535817,0.02537505,0.02535817,0.02535942,1541939700,517.7876
0.02537762,0.02537762,0.02535818,0.02535818,1541939760,689.6229
0.02536907,0.02537766,0.02536907,0.02537766,1541939820,343.4139
0.02537689,0.02537689,0.02537689,0.02537689,1541939880,634.0077
0.02537586,0.02537597,0.02537586,0.02537597,1541939940,890.9574
0.02537482,0.02537488,0.02537405,0.02537405,1541940000,449.8348
0.0253526,0.02535812,0.0253526,0.02535812,1541940060,556.2928
0.02537556,0.0253776,0.02535256,0.02535256,1541940120,941.6779
0.02537689,0.02537763,0.02537689,0.02537763,1541940180,1184.3104
0.02535257,0.02535257,0.02535257,0.02535257,1541940240,502.3961
0.02535261,0.02536713,0.02535261,0.02536713,1541940300,485.7443
0.02537598,0.02537598,0.02535262,0.02535262,1541940360,792.1808
0.02536566,0.02537503,0.02536566,0.02537503,1541940420,910.6017
0.02537496,0.02537496,0.02537496,0.02537496,1541940480,307.092
0.02537493,0.02537493,0.02535257,0.02535257,1541940540,1523.3526
0.02537246,0.02537765,0.02537246,0.02537765,1541940600,310.059
0.02535259,0.025376,0.02535259,0.02535264,1541940660,761.6561
0.02535362,0.02537762,0.02535362,0.02537762,1541940720,324.352
0.02535261,0.02535261,0.02535261,0.02535261,1541940780,396.7707
0.02537592,0.02537695,0.02537592,0.02537695,1541940840,921.1414
0.02535907,0.02535907,0.02535264,0.02535264,1541940900,317.8377
0.02537765,0.02537765,0.02535916,0.02535916,1541940960,1814.7635
0.02537022,0.02537022,0.02535915,0.02535915,1541941020,548.7444
0.02535918,0.02537591,0.0253591,0.0253591,1541941080,689.6202
0.02537761,0.02537761,0.02537761,0.02537761,1541941140,688.2286
0.02535511,0.02537763,0.02535511,0.02537763,1541941200,1162.5617
0.02537769,0.02537769,0.02537768,0.02537768,1541941260,26.5319
0.02537769,0.02537769,0.02537769,0.02537769,1541941320,0.0
0.02537775,0.02537775,0.02537769,0.02537769,1541941380,429.7519
0.02539055,0.02539055,0.0253833,0.02538333,1541941440,819.4144
0.02541006,0.02541006,0.02538589,0.02539055,1541941500,626.6228
0.02540999,0.02540999,0.02540999,0.02540999,1541941560,511.5671
0.02541497,0.02541497,0.02539947,0.02540998,1541941620,900.6917
0.02540889,0.02540889,0.02540889,0.02540889,1541941680,395.0462
0.02540078,0.02540886,0.02538941,0.02538941,1541941740,908.4047
0.02540888,0.02540888,0.02538945,0.02538945,1541941800,737.2455
0.02538941,0.02538941,0.02538941,0.02538941,1541941860,473.689
0.02540796,0.02540796,0.02539019,0.02539019,1541941920,629.2874
0.025408,0.02540887,0.02538936,0.02540387,1541941980,943.7527
0.02540892,0.02540892,0.02538262,0.02538263,1541942040,911.4344
0.02538261,0.02538261,0.02538261,0.02538261,1541942100,50.0
0.02538815,0.02540888,0.02538815,0.02540888,1541942160,587.2818
0.02540864,0.02540895,0.02538912,0.02540889,1541942220,858.3047
0.02538913,0.02538913,0.02538913,0.02538913,1541942280,337.6705
0.02539048,0.02540859,0.02538914,0.02538914,1541942340,607.7424
0.02538916,0.02538916,0.02538915,0.02538915,1541942400,1135.6355
0.02540861,0.02540861,0.02540861,0.02540861,1541942460,505.7388
0.0254086,0.0254086,0.02540699,0.02540699,1541942520,325.1864
0.02540861,0.02540861,0.02540857,0.02540857,1541942580,819.3419
0.02540864,0.02540864,0.02539181,0.02539181,1541942640,266.1242
0.02540864,0.02541529,0.02540864,0.02540864,1541942700,1112.8944
0.02540864,0.02540873,0.02540864,0.02540873,1541942760,471.1165
0.02541395,0.02541395,0.0254077,0.0254077,1541942820,732.4255
0.02541373,0.02541384,0.02541373,0.02541384,1541942880,616.9514
0.02538968,0.02538968,0.02538913,0.02538913,1541942940,1006.5773
0.0253891,0.0253891,0.02538907,0.02538907,1541943000,1395.0419
0.02540977,0.02540977,0.02538912,0.02538912,1541943060,1217.4845
0.02540793,0.02540793,0.02538911,0.02539835,1541943120,444.1583
0.0254097,0.0254097,0.02538909,0.02538912,1541943180,990.9946
0.02540703,0.02540703,0.02538908,0.02538908,1541943240,551.5069
0.02538915,0.02538915,0.0253891,0.0253891,1541943300,846.6434
0.02538911,0.02538911,0.02538911,0.02538911,1541943360,293.4226
0.02538909,0.02541519,0.02538909,0.02538915,1541943420,1281.8844
0.02538913,0.02538913,0.02538913,0.02538913,1541943480,341.551
0.02541044,0.02541044,0.02538908,0.02538908,1541943540,359.4282
0.02538907,0.02538915,0.02538907,0.02538912,1541943600,1077.4616
0.0253891,0.0253891,0.0253891,0.0253891,1541943660,433.3966
0.0254079,0.0254079,0.02538906,0.02538915,1541943720,1339.5144
0.02538912,0.02538912,0.02538912,0.02538912,1541943780,433.9568
0.02539211,0.02539211,0.02538264,0.02538905,1541943840,258.1656
0.02540862,0.02541027,0.02538264,0.02538265,1541943900,1003.2216
0.0254274,0.0254274,0.02541447,0.02541533,1541943960,636.6412
0.02540034,0.02542675,0.02540027,0.02540027,1541944020,1115.1619
0.02540018,0.02540018,0.02540018,0.02540018,1541944080,649.6063
0.02540013,0.02540013,0.02540013,0.02540013,1541944140,357.431
0.02542092,0.02542736,0.0254001,0.02541291,1541944200,778.698
0.02540151,0.02540153,0.02540151,0.02540153,1541944260,227.1922
0.02539775,0.02539775,0.02539456,0.02539456,1541944320,465.9581
0.02539461,0.0254169,0.02539461,0.0254169,1541944380,875.3601
0.02542392,0.02542392,0.02539459,0.02539459,1541944440,267.4143
0.02541115,0.02541115,0.02539462,0.02539462,1541944500,403.0368
0.02542934,0.02542934,0.02540104,0.02540104,1541944560,401.5568
0.02541549,0.02541549,0.025401,0.025401,1541944620,307.2348
0.02540101,0.02540108,0.02540101,0.02540108,1541944680,940.2594
0.02540104,0.02540104,0.02540104,0.02540104,1541944740,431.2612
0.0254112,0.0254112,0.025401,0.025401,1541944800,380.6678
0.0254293,0.0254293,0.0254293,0.0254293,1541944860,422.8536
0.02542895,0.02542898,0.02540552,0.02542898,1541944920,1031.606
0.02542932,0.02542932,0.02542932,0.02542932,1541944980,302.8606
0.02542929,0.02542929,0.02542929,0.02542929,1541945040,702.2717
0.02542927,0.02542927,0.025396,0.02540807,1541945100,827.8151
0.02542926,0.02542926,0.02542926,0.02542926,1541945160,551.664
0.02542038,0.02542038,0.02539627,0.02539627,1541945220,288.7198
0.02542926,0.02542926,0.02540269,0.02540269,1541945280,771.6843
0.02542932,0.02542932,0.02542932,0.02542932,1541945340,378.8114
0.0254043,0.02542927,0.02540424,0.02542927,1541945400,461.3416
0.02542379,0.02542379,0.02542379,0.02542379,1541945460,609.6772
0.02538177,0.02541398,0.02538177,0.02540432,1541945520,891.7764
0.02539001,0.02539001,0.02539001,0.02539001,1541945580,429.3668
0.02540496,0.02540496,0.02540496,0.02540496,1541945640,410.94
0.02538996,0.0254089,0.02538996,0.02539003,1541945700,1226.0573
0.02538998,0.02538998,0.02538998,0.02538998,1541945760,821.8364
0.02540492,0.02540498,0.02540342,0.02540498,1541945820,897.2832
0.02538999,0.02539644,0.02538999,0.02539644,1541945880,808.7192
0.02539003,0.0254039,0.02538996,0.0254039,1541945940,2115.3022
0.02538998,0.02539923,0.02538998,0.02539923,1541946000,484.2986
0.02540386,0.02540386,0.02538996,0.02538996,1541946060,538.0735
0.0254039,0.0254039,0.0254039,0.0254039,1541946120,963.4218
0.02539002,0.02539284,0.02539002,0.02539002,1541946180,908.2171
0.02538446,0.02540295,0.02538446,0.02540295,1541946240,237.0627
0.02537717,0.02540309,0.0253709,0.02538351,1541946300,621.5714
0.02539673,0.02539673,0.02539666,0.02539666,1541946360,1021.4574
0.02539665,0.02539665,0.02539665,0.02539665,1541946420,1373.1862
0.02537195,0.02538268,0.02537195,0.02537198,1541946480,749.2644
0.02537193,0.0253959,0.02537193,0.0253959,1541946540,319.612
0.02537193,0.02537193,0.02537092,0.02537193,1541946600,1677.923
0.02537193,0.02537193,0.02537187,0.02537193,1541946660,610.9022
0.02536746,0.02537193,0.02536745,0.02536745,1541946720,1822.2221
0.02537193,0.02537193,0.02536746,0.02537193,1541946780,741.1213
0.0253715,0.0253719,0.02536934,0.0253719,1541946840,326.9198
0.02536934,0.02537193,0.02536926,0.02536942,1541946900,767.925
0.02537186,0.02537186,0.02535257,0.02536926,1541946960,884.9397
0.0253526,0.02535832,0.02535257,0.02535257,1541947020,1019.7531
0.02537185,0.02537185,0.02537185,0.02537185,1541947080,1238.2037
0.02536906,0.02536906,0.02535263,0.02535263,1541947140,650.9093
0.02537189,0.02537189,0.02537189,0.02537189,1541947200,379.5284
0.02538022,0.02538022,0.02537232,0.02537232,1541947260,1001.2487
0.02538013,0.02538013,0.02537063,0.02537063,1541947320,466.8204
0.02537989,0.02537989,0.02536087,0.02536087,1541947380,884.7306
0.02536086,0.02536086,0.02536086,0.02536086,1541947440,568.3404
0.02536082,0.0253766,0.02536082,0.0253766,1541947500,816.443
0.02537897,0.02537905,0.02537897,0.02537905,1541947560,598.179
0.02538036,0.02538036,0.02535259,0.02535259,1541947620,950.1503
0.02535265,0.02535265,0.02535265,0.02535265,1541947680,451.0638
0.02535257,0.02538034,0.02535257,0.02538034,1541947740,1678.831
0.0253803,0.0253803,0.02535878,0.02535878,1541947800,452.5131
0.02538034,0.02538034,0.02538034,0.02538034,1541947860,474.7721
0.02535259,0.02538032,0.02535259,0.02538032,1541947920,1429.7622
0.02534412,0.02538032,0.02534412,0.02538032,1541947980,600.8378
0.0253705,0.0253705,0.02535101,0.02535101,1541948040,707.5815
0.025351,0.02536276,0.025351,0.02536276,1541948100,572.0882
0.02535105,0.02535105,0.02535105,0.02535105,1541948160,296.3734
0.0253543,0.0253543,0.02535101,0.02535106,1541948220,1192.3808
0.02535108,0.02535108,0.02535108,0.02535108,1541948280,440.0737
0.02537048,0.02537048,0.02535104,0.02535104,1541948340,969.976
0.02535102,0.02535651,0.02535102,0.02535651,1541948400,369.3588
0.02537047,0.0253705,0.02537047,0.0253705,1541948460,1463.0053
0.02535102,0.02537046,0.02535102,0.02537046,1541948520,679.2034
0.02537046,0.02537046,0.02537046,0.02537046,1541948580,288.2916
0.02537053,0.02537053,0.02537053,0.02537053,1541948640,608.6449
0.02536155,0.02539127,0.02535432,0.02535432,1541948700,1419.481
0.02538098,0.02538098,0.02538098,0.02538098,1541948760,395.1179
0.02536235,0.02538102,0.02536155,0.02538102,1541948820,775.5826
0.02538104,0.02538104,0.02538098,0.02538104,1541948880,691.6353
0.02538097,0.02538099,0.02538097,0.02538099,1541948940,843.9831
0.0253714,0.0253714,0.0253714,0.0253714,1541949000,0.174
0.02538103,0.02538103,0.02538096,0.02538096,1541949060,925.3304
0.02539,0.02540953,0.02536816,0.02538104,1541949120,427.3406
0.02539827,0.02539827,0.02539,0.02539002,1541949180,1274.2132
0.02537878,0.02537878,0.02537878,0.02537878,1541949240,433.7015
0.025384,0.025384,0.02537878,0.02537878,1541949300,307.3597
0.02539823,0.02539823,0.02539822,0.02539822,1541949360,1264.8916
0.02538173,0.02539825,0.02538173,0.02539825,1541949420,386.1788
0.02539819,0.02539819,0.02539819,0.02539819,1541949480,319.8692
0.02539824,0.02539824,0.02539823,0.02539823,1541949540,705.4563
0.02537874,0.02538681,0.02537874,0.02538681,1541949600,844.879
0.02539822,0.02539825,0.02539822,0.02539825,1541949660,1363.5657
0.02539825,0.02539828,0.02539825,0.02539828,1541949720,937.8492
0.02539828,0.02539828,0.02537878,0.02539413,1541949780,422.9729
0.02539823,0.02539827,0.02539823,0.02539827,1541949840,1193.4377
0.02540954,0.02540954,0.02538234,0.02539828,1541949900,3.5543
0.02540954,0.02540954,0.02540337,0.02540337,1541949960,593.2374
0.02542299,0.02542299,0.02540954,0.02540954,1541950020,665.8314
0.02540341,0.02542298,0.02540341,0.02542298,1541950080,760.0068
0.02542294,0.02542294,0.02542294,0.02542294,1541950140,1205.2131
0.02542294,0.02542294,0.02540203,0.02540203,1541950200,1198.4504
0.02542299,0.02542299,0.02539663,0.02539663,1541950260,396.1266
0.02542294,0.02542299,0.02542294,0.02542299,1541950320,369.2225
0.02542799,0.02542799,0.0254145,0.02542291,1541950380,977.2729
0.02542838,0.02542932,0.02542838,0.02542932,1541950440,477.8578
0.02538544,0.02542931,0.02537893,0.02542931,1541950500,584.0079
0.02541084,0.02541084,0.02537877,0.02537877,1541950560,1132.1657
0.02540442,0.02540442,0.02537875,0.02539138,1541950620,659.7851
0.02528653,0.02541567,0.02525793,0.02540447,1541950680,3365.1729
0.02529898,0.02532725,0.02525527,0.02529914,1541950740,699.166
0.02529399,0.02533,0.02524408,0.02527535,1541950800,870.436
0.02523896,0.02523896,0.02523896,0.02523896,1541950860,2052.1831
0.0252389,0.0252449,0.025202,0.0252449,1541950920,978.109
0.02529467,0.02529467,0.02523901,0.0252773,1541950980,1229.0999
0.02526904,0.02526904,0.02526904,0.02526904,1541951040,4.1949
0.0252687,0.0252687,0.02523896,0.02523896,1541951100,648.96
0.02522991,0.02529089,0.02522991,0.025256,1541951160,867.874
0.02521106,0.02521106,0.02521106,0.02521106,1541951220,1121.0508
0.02527021,0.02527021,0.02521102,0.02521102,1541951280,663.9534
0.02521102,0.02521441,0.02521102,0.02521441,1541951340,667.9283
0.02522847,0.02522847,0.02519236,0.025212,1541951400,945.3447
0.02527755,0.02527755,0.02520331,0.02520331,1541951460,9.065
0.02525457,0.02525457,0.0252034,0.0252034,1541951520,1218.8666
0.02520338,0.02520338,0.02520338,0.02520338,1541951580,463.8398
0.02526242,0.02526242,0.02520332,0.02520332,1541951640,1588.9602
0.02525999,0.02526178,0.02520429,0.02526178,1541951700,324.2036
0.02524498,0.02525998,0.02520341,0.02525998,1541951760,3104.5011
0.02524498,0.02524498,0.02524498,0.02524498,1541951820,84.1653
0.02524299,0.025244,0.02520346,0.02520346,1541951880,1112.7605
0.02524698,0.025247,0.025243,0.025243,1541951940,591.5144
0.02529542,0.02534133,0.02520342,0.025243,1541952000,591.8157
0.0253112,0.02537798,0.02529543,0.02532225,1541952060,3615.5301
0.02532643,0.02534292,0.02529842,0.0253112,1541952120,950.9802
0.0253069,0.02531656,0.0253069,0.02531656,1541952180,408.1518
0.02532964,0.02534368,0.02530697,0.02530697,1541952240,999.8164
0.02531256,0.02531256,0.02531256,0.02531256,1541952300,416.3467
0.02531256,0.02533603,0.02531256,0.02533603,1541952360,1282.2932
0.02533594,0.02533594,0.02533572,0.02533572,1541952420,1044.0164
0.02531249,0.02531255,0.02531249,0.02531255,1541952480,673.931
0.02530695,0.02532204,0.02530695,0.02531242,1541952540,818.4875
0.02533604,0.02533604,0.02530695,0.02532204,1541952600,410.9467
0.02531653,0.02533602,0.02531653,0.02533602,1541952660,406.9019
0.0253126,0.02531653,0.0253126,0.0253165,1541952720,1401.9841
0.02533605,0.02533605,0.02533605,0.02533605,1541952780,575.3962
0.02535742,0.02535749,0.025322,0.02533607,1541952840,1392.6891
0.02536393,0.02536393,0.0253574,0.0253574,1541952900,353.342
0.02535114,0.0253675,0.02535111,0.0253675,1541952960,713.6352
0.02536748,0.02536748,0.02535584,0.02535584,1541953020,522.7098
0.02535109,0.02535109,0.02535109,0.02535109,1541953080,333.9174
0.02536799,0.02536799,0.02535114,0.02535114,1541953140,1157.9019
0.02533863,0.02537313,0.02533863,0.02537313,1541953200,754.6474
0.02534044,0.02535369,0.02531252,0.02534322,1541953260,1160.2727
0.02531683,0.02533592,0.02531683,0.02533592,1541953320,815.9752
0.02533202,0.02533202,0.02533202,0.02533202,1541953380,344.523
0.02530689,0.02533896,0.02530608,0.02533896,1541953440,1101.6795
0.02530008,0.02530008,0.02530008,0.02530008,1541953500,607.5257
0.02533861,0.02533878,0.02530005,0.02533878,1541953560,711.2372
0.02533831,0.02533831,0.02532958,0.02532958,1541953620,267.7769
0.02533686,0.02533793,0.02533686,0.02533793,1541953680,532.793
0.02533076,0.02533076,0.02530001,0.02530001,1541953740,244.6394
0.02532325,0.02532325,0.02530007,0.02530007,1541953800,685.6881
0.02533178,0.02533178,0.02533174,0.02533174,1541953860,1090.2727
0.02531767,0.02533178,0.02531767,0.02533178,1541953920,697.1709
0.02533179,0.02533179,0.02533179,0.02533179,1541953980,290.3979
0.02528006,0.02530003,0.02528001,0.02530003,1541954040,1358.7946
0.02526001,0.02532098,0.02526001,0.02531779,1541954100,908.6419
0.02531485,0.02531891,0.02525401,0.02526432,1541954160,2958.918
0.02529119,0.02531477,0.02525704,0.02531477,1541954220,471.2025
0.02526009,0.02526009,0.02526009,0.02526009,1541954280,472.8743
0.02531591,0.02531675,0.02526101,0.02526161,1541954340,1035.9757
0.02531585,0.02531585,0.02527373,0.02527373,1541954400,1268.778
0.02532252,0.02532252,0.02528342,0.02530779,1541954460,432.1113
0.02529895,0.02532244,0.02529895,0.02532244,1541954520,275.2591
0.0252968,0.02532252,0.0252968,0.02532252,1541954580,608.7703
0.02532733,0.02532733,0.02532252,0.02532252,1541954640,740.529
0.02530324,0.02531404,0.02530324,0.02531404,1541954700,594.9146
0.02530401,0.02532733,0.02530401,0.0253273,1541954760,1024.6706
0.02530407,0.02532889,0.02530407,0.02532889,1541954820,261.883
0.02530309,0.02530309,0.02530309,0.02530309,1541954880,337.293
0.02530303,0.0253031,0.02530303,0.0253031,1541954940,759.7334
0.02531798,0.02531798,0.02531798,0.02531798,1541955000,0.6109
0.02529802,0.02533947,0.02529802,0.02533947,1541955060,1836.5097
0.02530112,0.02531356,0.02530112,0.02531356,1541955120,495.7889
0.02529803,0.02531595,0.02529803,0.02531595,1541955180,1031.1816
0.02528888,0.02533797,0.02528888,0.02529808,1541955240,724.9011
0.02529001,0.02531103,0.02529001,0.02529007,1541955300,919.3955
0.02534041,0.02534041,0.0252902,0.0252902,1541955360,953.617
0.02534043,0.02534043,0.02529944,0.02529944,1541955420,593.1011
0.02531853,0.02531853,0.02531853,0.02531853,1541955480,651.3127
0.02534676,0.02534676,0.02531875,0.02534051,1541955540,619.9801
0.02534676,0.02534676,0.02532737,0.02532737,1541955600,932.7893
0.02534915,0.02535606,0.02534676,0.02534676,1541955660,573.3854
0.02535982,0.02535982,0.0253492,0.0253492,1541955720,1356.9573
0.02535899,0.02535899,0.02533402,0.02533402,1541955780,443.1109
0.0253599,0.0253599,0.02535494,0.02535494,1541955840,364.8633
0.02533409,0.02536363,0.02533409,0.02535984,1541955900,672.9095
0.0253341,0.0253341,0.0253341,0.0253341,1541955960,296.1719
0.02533754,0.02533754,0.02533406,0.02533406,1541956020,712.6619
0.02533449,0.02536585,0.02533449,0.02536585,1541956080,673.1182
0.02533458,0.02536589,0.02533458,0.02536589,1541956140,778.1019
0.02534071,0.02534648,0.02534071,0.02534648,1541956200,346.8614
0.02536024,0.02536024,0.02536024,0.02536024,1541956260,379.0936
0.02535794,0.02536023,0.02535794,0.02536023,1541956320,439.2661
0.02534071,0.02534074,0.02534071,0.02534074,1541956380,633.0877
0.02536024,0.02536024,0.02534078,0.02534078,1541956440,939.1892
0.02534099,0.02536026,0.02534099,0.02535366,1541956500,366.1314
0.02536021,0.02536021,0.02536021,0.02536021,1541956560,311.8156
0.0253659,0.0253659,0.02534304,0.02534304,1541956620,746.931
0.02535782,0.02537318,0.02535782,0.02537318,1541956680,641.3711
0.02535783,0.02535783,0.02535783,0.02535783,1541956740,359.6319
0.02535792,0.02536085,0.02535792,0.02536085,1541956800,635.4553
0.02535792,0.02537314,0.02535792,0.02537314,1541956860,1327.1654
0.02536744,0.02537318,0.02536744,0.02537318,1541956920,368.8296
0.02537314,0.02537314,0.02537313,0.02537313,1541956980,1243.6893
0.02537317,0.02537317,0.02537317,0.02537317,1541957040,359.985
0.02537312,0.02537312,0.02536715,0.02536715,1541957100,347.9644
0.02537313,0.02537313,0.02535788,0.02535788,1541957160,625.642
0.02535783,0.02537315,0.02535783,0.02537315,1541957220,339.5167
0.0253579,0.0253579,0.02535786,0.02535786,1541957280,1417.9674
0.02537311,0.02537311,0.02537311,0.02537311,1541957340,203.2085
0.02535791,0.02537247,0.02535791,0.02537247,1541957400,738.1759
0.02533621,0.02535783,0.02533621,0.02535783,1541957460,5.6622
0.02535966,0.02535966,0.02533624,0.02533624,1541957520,407.7785
0.02533628,0.02536488,0.02533628,0.02536488,1541957580,1287.026
0.02533628,0.02533628,0.02533628,0.02533628,1541957640,312.135
0.0253363,0.02534977,0.0253363,0.02534977,1541957700,357.5321
0.02536005,0.0253601,0.02536005,0.0253601,1541957760,897.5341
0.0253478,0.0253478,0.02533624,0.02533624,1541957820,800.8237
0.02535892,0.02535892,0.02533625,0.02533625,1541957880,848.3353
0.02535885,0.02535885,0.02535885,0.02535885,1541957940,673.1219
0.02535399,0.02535492,0.02534221,0.02535492,1541958000,485.0142
0.02533626,0.02533629,0.02533621,0.02533629,1541958060,763.2921
0.02535629,0.02536011,0.02535629,0.02536011,1541958120,491.7528
0.02536007,0.02536011,0.0253395,0.0253395,1541958180,898.2906
0.0253363,0.0253363,0.0253363,0.0253363,1541958240,467.855
0.02535997,0.02535997,0.02535991,0.02535991,1541958300,646.2598
0.02534491,0.025351,0.02531055,0.02533621,1541958360,643.1141
0.02532685,0.02532691,0.02532685,0.02532691,1541958420,427.0369
0.02534595,0.02534595,0.02534492,0.02534492,1541958480,896.2455
0.02532153,0.02534598,0.02532153,0.02532606,1541958540,883.9118
0.02532152,0.02532152,0.02532152,0.02532152,1541958600,524.1633
0.0253292,0.02534497,0.0253292,0.02534497,1541958660,428.5147
0.02534598,0.02534598,0.02532146,0.02532146,1541958720,1185.1061
0.02532151,0.02532151,0.02532151,0.02532151,1541958780,524.078
0.02532146,0.02533768,0.02532146,0.02533768,1541958840,743.3855
0.02532155,0.02532155,0.02532155,0.02532155,1541958900,1231.4924
0.02533758,0.02533758,0.02532172,0.02532172,1541958960,493.5318
0.02532149,0.02534639,0.02532149,0.02534639,1541959020,1588.508
0.02532147,0.02532147,0.02532147,0.02532147,1541959080,383.1536
0.02534633,0.02534633,0.0253215,0.0253215,1541959140,1010.1676
0.02534633,0.02534633,0.02534633,0.02534633,1541959200,556.1195
0.0253215,0.02534636,0.0253215,0.02534636,1541959260,1071.9694
0.02534636,0.02534636,0.02534636,0.02534636,1541959320,304.6714
0.02532145,0.02534638,0.02532145,0.02534638,1541959380,650.7898
0.02532374,0.02534634,0.02532374,0.02534634,1541959440,246.3388
0.02534633,0.02534633,0.02532151,0.02532151,1541959500,1755.385
0.02532155,0.02532155,0.02532155,0.02532155,1541959560,561.3423
0.02534639,0.02534639,0.02532846,0.02532846,1541959620,675.4598
0.02534596,0.02534596,0.02532148,0.02532148,1541959680,608.946
0.02532707,0.02532707,0.0253215,0.0253215,1541959740,455.8356
0.02532149,0.02532149,0.02532149,0.02532149,1541959800,255.0202
0.02534639,0.02534639,0.02532149,0.02532149,1541959860,661.4404
0.02532705,0.02532705,0.0253215,0.0253215,1541959920,590.8935
0.02534596,0.02534635,0.02534596,0.02534635,1541959980,786.4629
0.02534594,0.02534594,0.02533755,0.02534391,1541960040,835.0547
0.02534637,0.02534637,0.02534637,0.02534637,1541960100,360.5633
0.02534639,0.02534639,0.02534639,0.02534639,1541960160,349.0398
0.02532154,0.02533152,0.02532148,0.02532148,1541960220,642.8629
0.0253215,0.0253215,0.0253215,0.0253215,1541960280,944.9333
0.0253217,0.02533617,0.02532146,0.02532146,1541960340,375.0332
0.02534639,0.02534639,0.02534637,0.02534637,1541960400,1429.9723
0.0253217,0.0253217,0.0253217,0.0253217,1541960460,316.7696
0.02532149,0.02534634,0.02532149,0.02534634,1541960520,622.8901
0.0253464,0.0253464,0.02532153,0.02532153,1541960580,581.0056
0.02533713,0.0253441,0.02532463,0.0253441,1541960640,521.902
0.02534404,0.02534404,0.02534404,0.02534404,1541960700,369.264
0.02532465,0.02532465,0.02532465,0.02532465,1541960760,433.9687
0.02534389,0.0253441,0.02532872,0.0253441,1541960820,804.67
0.02532462,0.02532462,0.02532462,0.02532462,1541960880,763.8869
0.02533897,0.02533897,0.02532459,0.02532459,1541960940,1338.0811
0.02532152,0.02533224,0.02532145,0.02533224,1541961000,1033.0008
0.02532145,0.02533696,0.02532145,0.02533696,1541961060,708.9067
0.02533591,0.02533593,0.02533378,0.02533593,1541961120,1242.7417
0.02532146,0.02532146,0.02532146,0.02532146,1541961180,261.3881
0.02533594,0.02533594,0.02533594,0.02533594,1541961240,475.9292
0.0253215,0.02533591,0.0253215,0.02533591,1541961300,1149.6526
0.02531742,0.02532145,0.02531734,0.02532145,1541961360,696.9091
0.02533859,0.02533859,0.02531739,0.02531739,1541961420,1012.2769
0.02531744,0.02534409,0.02531744,0.02534409,1541961480,1236.9883
0.02531738,0.02531738,0.02531738,0.02531738,1541961540,871.649
0.02531743,0.02534407,0.02531743,0.02534407,1541961600,1189.8408
0.0253441,0.0253441,0.0253441,0.0253441,1541961660,282.8992
0.0253409,0.02534412,0.02531741,0.02531741,1541961720,616.2206
0.02530907,0.02534089,0.02530906,0.02532141,1541961780,1026.4019
0.02534094,0.02534096,0.02530914,0.02530914,1541961840,1036.1837
0.02533599,0.02533859,0.025312,0.02531574,1541961900,963.9023
0.02531652,0.02533606,0.02531652,0.02533606,1541961960,648.5868
0.02532388,0.02532388,0.02531658,0.02531658,1541962020,851.2238
0.02531656,0.02531656,0.02531656,0.02531656,1541962080,354.897
0.02531654,0.02533597,0.02531654,0.02533597,1541962140,835.4165
0.02531658,0.02532282,0.02531657,0.02531657,1541962200,1452.5522
0.02531654,0.02531654,0.02531654,0.02531654,1541962260,894.7336
0.02533295,0.02533295,0.02531651,0.02531651,1541962320,513.1713
0.02531696,0.02533195,0.02531696,0.02532081,1541962380,1126.5158
0.02531596,0.02531701,0.02531596,0.02531701,1541962440,1121.2171
0.02528423,0.02528423,0.02527367,0.02527367,1541962500,694.3297
0.02531471,0.02531471,0.02527367,0.02527367,1541962560,956.2882
0.02528604,0.02528604,0.02527378,0.02527378,1541962620,414.156
0.02527381,0.02531816,0.02527381,0.02531816,1541962680,990.188
0.02527389,0.02527389,0.02527389,0.02527389,1541962740,354.177
0.02527385,0.02527435,0.02527385,0.02527387,1541962800,1212.9818
0.02530894,0.02530894,0.02530894,0.02530894,1541962860,467.6792
0.02532578,0.02532578,0.02527392,0.02527392,1541962920,1082.2128
0.0252738,0.02531725,0.0252738,0.02531725,1541962980,217.9051
0.02527366,0.02527366,0.02527366,0.02527366,1541963040,356.5285
0.02527364,0.02530175,0.02527364,0.02530175,1541963100,607.2505
0.02527366,0.02527366,0.02527366,0.02527366,1541963160,484.667
0.02528486,0.02528486,0.02527366,0.02527366,1541963220,773.5177
0.02527372,0.02527411,0.02527372,0.02527411,1541963280,353.4826
0.02528797,0.02528797,0.02528797,0.02528797,1541963340,539.2088
0.02524101,0.02528974,0.02524101,0.0252737,1541963400,2052.0183
0.02524399,0.02524399,0.02524399,0.02524399,1541963460,467.9419
0.02529757,0.02529762,0.02525671,0.02525671,1541963520,1390.2331
0.02529063,0.02529063,0.02527217,0.02527632,1541963580,991.2215
0.02523207,0.02523207,0.02523207,0.02523207,1541963640,274.6056
0.02529049,0.02529049,0.0252321,0.0252321,1541963700,972.807
0.02524909,0.02529641,0.0252328,0.0252328,1541963760,1323.8353
0.02524915,0.02524915,0.02524915,0.02524915,1541963820,784.3179
0.02530076,0.02530076,0.02530076,0.02530076,1541963880,1186.378
0.02530519,0.02530519,0.02524918,0.02524918,1541963940,1436.943
0.0252493,0.0252493,0.0252493,0.0252493,1541964000,389.8601
0.02531019,0.02531019,0.02531019,0.02531019,1541964060,483.0552
0.02525386,0.02531022,0.02525386,0.02526407,1541964120,2881.5034
0.02531895,0.02531895,0.02531894,0.02531894,1541964180,306.0869
0.02529641,0.02529641,0.02525786,0.02525786,1541964240,413.6331
0.0252513,0.0253151,0.0252513,0.0253151,1541964300,1468.5074
0.02524417,0.02524417,0.02524417,0.02524417,1541964360,425.2454
0.02524417,0.02529197,0.02524417,0.02529197,1541964420,288.4908
0.02530391,0.02530391,0.02524416,0.02524416,1541964480,997.334
0.02528187,0.02530563,0.02528187,0.02530563,1541964540,596.163
0.02525595,0.02525595,0.02525595,0.02525595,1541964600,316.0591
0.02531392,0.02531392,0.02525762,0.02525762,1541964660,1078.4396
0.02531797,0.02531797,0.02527778,0.02527778,1541964720,952.7581
0.02531689,0.02531697,0.02527781,0.02531697,1541964780,1001.3258
0.02527783,0.02530061,0.02527783,0.02530061,1541964840,917.7565
0.02527771,0.02527778,0.02527771,0.02527778,1541964900,711.6272
0.02524357,0.02524357,0.02524357,0.02524357,1541964960,517.9935
0.02523211,0.02528791,0.02523211,0.02527624,1541965020,1857.5655
0.02527698,0.02527698,0.02527698,0.02527698,1541965080,344.8756
0.02527291,0.02527598,0.02522209,0.02522209,1541965140,1350.8092
0.02522225,0.02522225,0.02522225,0.02522225,1541965200,442.8592
0.02522243,0.02522243,0.02522243,0.02522243,1541965260,273.9639
0.02527593,0.02527593,0.02522303,0.02522303,1541965320,969.6898
0.02528014,0.02528014,0.02528014,0.02528014,1541965380,407.0709
0.02522579,0.02526982,0.02522572,0.02522572,1541965440,1200.0063
0.0252779,0.0252779,0.0252779,0.0252779,1541965500,910.0892
0.02522683,0.02522683,0.02522683,0.02522683,1541965560,795.535
0.02523187,0.02524728,0.02522942,0.02522942,1541965620,834.2007
0.02523236,0.02523236,0.02523236,0.02523236,1541965680,360.8989
0.02528855,0.02528855,0.02523607,0.02523607,1541965740,527.2891
0.02529341,0.02529341,0.02529341,0.02529341,1541965800,389.7417
0.0252934,0.0252934,0.0252934,0.0252934,1541965860,371.7582
0.02527994,0.02527994,0.02524513,0.02524516,1541965920,806.3042
0.02529336,0.02529336,0.02529087,0.02529087,1541965980,1007.0701
0.02529336,0.02529336,0.02529336,0.02529336,1541966040,0.0
0.02525656,0.02526258,0.02525656,0.02526258,1541966100,894.9015
0.02525661,0.02529338,0.02525661,0.02529338,1541966160,521.9081
0.02529338,0.02529338,0.02529282,0.02529282,1541966220,274.715
0.02524852,0.02529337,0.02524852,0.02529337,1541966280,1019.8397
0.02525074,0.02525074,0.02525074,0.02525074,1541966340,301.9695
0.0252507,0.02528203,0.02525068,0.02528203,1541966400,926.1766
0.02523416,0.02523416,0.02523416,0.02523416,1541966460,467.796
0.02527772,0.02527772,0.02523423,0.02523423,1541966520,536.6427
0.02523424,0.02523424,0.02523415,0.02523424,1541966580,619.7427
0.02523304,0.02523304,0.02523304,0.02523304,1541966640,488.1485
0.02527699,0.02527699,0.02523308,0.02523308,1541966700,1275.1788
0.0252845,0.0252845,0.0252845,0.0252845,1541966760,1144.7175
0.0252673,0.0252673,0.02523438,0.02523438,1541966820,539.8229
0.02523437,0.02523437,0.02523437,0.02523437,1541966880,503.5298
0.02523442,0.02527995,0.02523442,0.02527995,1541966940,1368.073
0.02523439,0.02524737,0.02523439,0.02524737,1541967000,351.6362
0.02523438,0.02527992,0.02523438,0.02527992,1541967060,759.7093
0.0252545,0.02527691,0.0252545,0.02527691,1541967120,346.6057
0.02527977,0.0252799,0.02523701,0.02523701,1541967180,845.6272
0.02523106,0.0252316,0.02523104,0.0252316,1541967240,1035.8183
0.02527898,0.02527898,0.02527898,0.02527898,1541967300,285.0054
0.02524271,0.02527693,0.02522307,0.02522307,1541967360,1335.2039
0.025273,0.025273,0.02522332,0.02522332,1541967420,638.286
0.02522611,0.02527295,0.02522611,0.02527295,1541967480,1519.9365
0.02527595,0.02527595,0.02526787,0.02526787,1541967540,342.2991
0.02527693,0.02527693,0.02527693,0.02527693,1541967600,712.7362
0.02524127,0.02528495,0.0252314,0.0252314,1541967660,638.2897
0.02528696,0.02528696,0.02528696,0.02528696,1541967720,954.253
0.0252869,0.0252869,0.0252869,0.0252869,1541967780,501.5545
0.02524247,0.02525477,0.02524083,0.02524083,1541967840,797.3023
0.02524247,0.02524247,0.02524247,0.02524247,1541967900,0.0
0.0252893,0.0252893,0.0252519,0.0252519,1541967960,1235.709
0.02529336,0.02529336,0.02529336,0.02529336,1541968020,957.7867
0.02525902,0.02525902,0.02525902,0.02525902,1541968080,386.9981
0.02525924,0.02529337,0.02525924,0.02529337,1541968140,1601.6307
0.02525936,0.02529342,0.02525936,0.02529342,1541968200,316.8885
0.02525919,0.02525919,0.02525919,0.02525919,1541968260,433.4976
0.0252626,0.02529099,0.02526095,0.02529099,1541968320,982.2157
0.02526421,0.02526421,0.02526421,0.02526421,1541968380,391.095
0.02529355,0.02529742,0.02529345,0.02529345,1541968440,768.6977
0.02532273,0.02532273,0.02529346,0.02529346,1541968500,339.3042
0.02532391,0.02532391,0.02532391,0.02532391,1541968560,445.1583
0.02533096,0.02533096,0.02530646,0.02531886,1541968620,1254.7409
0.02533488,0.02533488,0.02533488,0.02533488,1541968680,875.3338
0.02533498,0.02533498,0.02529349,0.02529349,1541968740,994.214
0.02533492,0.02533492,0.02533492,0.02533492,1541968800,554.64
0.02533297,0.02533297,0.02533297,0.02533297,1541968860,148.4853
0.02532697,0.02532697,0.02530076,0.02530076,1541968920,1868.454
0.02532791,0.02532791,0.02532791,0.02532791,1541968980,997.6514
0.02532795,0.02532795,0.02530073,0.02530073,1541969040,1160.003
0.02533491,0.02533491,0.02533491,0.02533491,1541969100,488.3043
0.02533081,0.02533081,0.02533081,0.02533081,1541969160,258.1071
0.02530072,0.02532016,0.02530072,0.02530073,1541969220,896.256
0.02533601,0.02533601,0.02533601,0.02533601,1541969280,495.9957
0.02532791,0.02532791,0.02527887,0.02529608,1541969340,1115.6454
0.02532788,0.02532788,0.02532788,0.02532788,1541969400,553.5558
0.02528253,0.02528253,0.02528253,0.02528253,1541969460,671.7434
0.02529817,0.02532767,0.02529817,0.02532767,1541969520,477.6183
0.02532552,0.02532578,0.02532552,0.02532578,1541969580,895.2275
0.02530586,0.02530586,0.02528206,0.02528206,1541969640,412.5808
0.02531894,0.02532288,0.02531894,0.02532288,1541969700,1427.1005
0.02528217,0.02528217,0.02528217,0.02528217,1541969760,315.0765
0.02531693,0.02531693,0.02530981,0.02531693,1541969820,606.4011
0.02531692,0.02531692,0.02531692,0.02531692,1541969880,510.8443
0.02528224,0.02531995,0.02528224,0.02531995,1541969940,831.9818
0.02532337,0.02532337,0.02530188,0.02530188,1541970000,417.3177
0.02528243,0.02528243,0.02528243,0.02528243,1541970060,383.685
0.02532897,0.02532897,0.02532335,0.02532729,1541970120,1052.8239
0.02528981,0.0253307,0.02528981,0.0253307,1541970180,367.4502
0.02533072,0.02533073,0.02529107,0.02529107,1541970240,884.5642
0.02532989,0.02532989,0.02530274,0.02530274,1541970300,272.4056
0.02532989,0.02532989,0.02532989,0.02532989,1541970360,403.884
0.02532969,0.02532969,0.02528238,0.02528238,1541970420,886.513
0.02528266,0.02528266,0.02528266,0.02528266,1541970480,301.1651
0.0252829,0.0252829,0.02528275,0.02528275,1541970540,873.5133
0.02533095,0.02533095,0.02533093,0.02533093,1541970600,453.1382
0.02529527,0.02529527,0.02529527,0.02529527,1541970660,421.82
0.02530851,0.02530851,0.02529528,0.02529528,1541970720,400.349
0.02533389,0.02533389,0.02529524,0.02529524,1541970780,1508.6429
0.02533381,0.02533381,0.02533381,0.02533381,1541970840,406.8865
0.02533588,0.02533588,0.02528937,0.02528937,1541970900,1268.8266
0.02529663,0.02529663,0.02529663,0.02529663,1541970960,362.8923
0.02531669,0.02533587,0.0252968,0.02533587,1541971020,1176.2059
0.02533605,0.02533605,0.02533605,0.02533605,1541971080,480.1032
0.02533597,0.02533597,0.02533597,0.02533597,1541971140,405.4083
0.02531256,0.02533859,0.02531256,0.02533606,1541971200,683.1108
0.02533203,0.02533203,0.025332,0.02533203,1541971260,809.0418
0.02533197,0.02533197,0.02533197,0.02533197,1541971320,405.2975
0.02533198,0.02533199,0.02531807,0.02531807,1541971380,1209.7534
0.02533194,0.02533194,0.02533194,0.02533194,1541971440,400.8807
0.02531736,0.02533196,0.02531736,0.02533196,1541971500,650.7185
0.025332,0.025332,0.025332,0.025332,1541971560,537.0559
0.02531251,0.02533196,0.02531251,0.02533196,1541971620,644.1002
0.02533187,0.02533187,0.02532717,0.02533154,1541971680,439.8879
0.0253125,0.02531255,0.0253125,0.02531255,1541971740,742.4015
0.02533193,0.02533193,0.02533193,0.02533193,1541971800,263.7579
0.02532513,0.025332,0.02531254,0.025332,1541971860,1520.3575
0.025332,0.025332,0.025332,0.025332,1541971920,507.109
0.02531256,0.02533201,0.02531256,0.02533201,1541971980,778.9526
0.02531256,0.02532752,0.02531256,0.02532752,1541972040,410.6162
0.02533195,0.02533195,0.02533195,0.02533195,1541972100,400.609
0.0253125,0.02531256,0.0253125,0.02531256,1541972160,793.2964
0.02533859,0.02533859,0.02532241,0.02533203,1541972220,402.8691
0.0253385,0.02533852,0.0253385,0.02533852,1541972280,779.6051
0.02533131,0.02533131,0.0253212,0.0253212,1541972340,418.4036
0.02533857,0.02533857,0.02533857,0.02533857,1541972400,417.4304
0.02533857,0.02533857,0.02532115,0.02532115,1541972460,1641.0637
0.02532127,0.02532425,0.02532127,0.02532425,1541972520,497.2362
0.02533858,0.02533858,0.02532171,0.02532395,1541972580,1330.7496
0.02534096,0.02534096,0.02533859,0.02533859,1541972640,1.9273
0.0253409,0.0253409,0.02534088,0.02534088,1541972700,1076.849
0.0253409,0.0253409,0.0253396,0.0253396,1541972760,346.3739
0.0253564,0.0253564,0.02534094,0.02534094,1541972820,503.3642
0.02533961,0.02536013,0.02533961,0.02536013,1541972880,1703.2572
0.02535363,0.02535363,0.02534744,0.02534744,1541972940,363.1839
0.02535357,0.02535363,0.02535357,0.02535363,1541973000,1251.4501
0.02535112,0.02535112,0.02533964,0.02533964,1541973060,466.4949
0.02535357,0.02535357,0.02535357,0.02535357,1541973120,488.7551
0.02535338,0.02535338,0.02533417,0.02533417,1541973180,603.4976
0.02533413,0.02533632,0.02533413,0.02533632,1541973240,953.1785
0.02534887,0.02534887,0.02534887,0.02534887,1541973300,418.4882
0.02534863,0.02534863,0.02533411,0.02533411,1541973360,1416.132
0.0253536,0.0253536,0.0253536,0.0253536,1541973420,491.2463
0.02535351,0.02535351,0.02534196,0.02534196,1541973480,327.8722
0.02532972,0.02535354,0.02532972,0.02535354,1541973540,691.2614
0.02532772,0.02532772,0.02532772,0.02532772,1541973600,484.2922
0.02534482,0.02534692,0.02532769,0.02534692,1541973660,371.6736
0.0253212,0.02534723,0.0253212,0.02534723,1541973720,611.5798
0.02534721,0.02534721,0.02534721,0.02534721,1541973780,395.8025
0.02534592,0.02534592,0.02532254,0.02534592,1541973840,1384.5269
0.02532117,0.02532117,0.02532117,0.02532117,1541973900,454.32
0.02533523,0.02533523,0.02532117,0.02532117,1541973960,481.6553
0.02532122,0.0253472,0.02532122,0.0253472,1541974020,776.5165
0.02532115,0.02532115,0.02532115,0.02532115,1541974080,720.0162
0.02532119,0.02534052,0.02532119,0.02532122,1541974140,964.9932
0.02532122,0.02532122,0.02532122,0.02532122,1541974200,418.1602
0.0253212,0.02533757,0.0253212,0.0253212,1541974260,742.6757
0.02532121,0.02532121,0.02532121,0.02532121,1541974320,371.259
0.02532137,0.02533447,0.02532137,0.02533447,1541974380,796.4754
0.02534718,0.02534718,0.02532142,0.02532142,1541974440,754.8371
0.02532149,0.02532149,0.02532149,0.02532149,1541974500,329.562
0.02534722,0.02534722,0.02532153,0.02532153,1541974560,747.0752
0.02532129,0.02532129,0.02532129,0.02532129,1541974620,209.2973
0.02534718,0.02534718,0.02534715,0.02534715,1541974680,652.892
0.02532121,0.02533767,0.02532121,0.02533767,1541974740,542.7874
0.02532132,0.0253472,0.02532132,0.0253472,1541974800,712.7054
0.02532218,0.02534721,0.02532218,0.02534721,1541974860,343.9666
0.02532153,0.02532153,0.02532134,0.02532134,1541974920,1581.5976
0.02532159,0.02532159,0.02532159,0.02532159,1541974980,366.7176
0.02532167,0.02534615,0.02532165,0.02532165,1541975040,1152.3686
0.02534716,0.02534716,0.02534716,0.02534716,1541975100,348.4368
0.02534717,0.02534719,0.02532768,0.02534719,1541975160,1119.5537
0.0253217,0.0253217,0.0253217,0.0253217,1541975220,392.9445
0.02534722,0.02534722,0.0253258,0.02534719,1541975280,830.9085
0.02534715,0.02534715,0.02534715,0.02534715,1541975340,362.1329
0.02534719,0.02534719,0.02532166,0.02532166,1541975400,1168.4874
0.02532116,0.02534362,0.02532116,0.02534362,1541975460,615.3145
0.02534716,0.02534717,0.02534716,0.02534717,1541975520,1149.0579
0.02534712,0.02534712,0.02534712,0.02534712,1541975580,613.2934
0.02534704,0.02534704,0.02532301,0.02532301,1541975640,477.5858
0.02532115,0.02534581,0.02532115,0.02534581,1541975700,863.4173
0.02532114,0.02534472,0.02532114,0.02534472,1541975760,833.2509
0.02534588,0.02534588,0.02534588,0.02534588,1541975820,494.9073
0.02534718,0.02534718,0.02534718,0.02534718,1541975880,249.5197
0.02534716,0.02534723,0.02533007,0.02534723,1541975940,1232.7832
0.0253472,0.0253472,0.02532131,0.02532131,1541976000,1301.6672
0.02532144,0.02534722,0.02532144,0.02534722,1541976060,388.0821
0.02533152,0.02536016,0.02533152,0.02534724,1541976120,1031.6594
0.02533161,0.02533161,0.02533161,0.02533161,1541976180,326.6557
0.02535092,0.02535092,0.02534634,0.02534634,1541976240,1120.4199
0.0253509,0.0253509,0.0253509,0.0253509,1541976300,459.5569
0.02534365,0.02535097,0.02534365,0.02535094,1541976360,1001.2159
0.025336,0.025336,0.025336,0.025336,1541976420,283.1916
0.02537691,0.02537691,0.02533618,0.02533618,1541976480,720.2068
0.02536649,0.02536649,0.02534704,0.02534704,1541976540,1334.3825
0.02536642,0.02536642,0.02536642,0.02536642,1541976600,321.1845
0.02535353,0.02535353,0.02534719,0.02534719,1541976660,464.1981
0.02535359,0.02535359,0.02535356,0.02535356,1541976720,719.203
0.02535356,0.02536651,0.02535356,0.02536651,1541976780,661.4592
0.02536463,0.02536463,0.02535362,0.02535362,1541976840,334.8215
0.0253536,0.0253536,0.02535356,0.02535356,1541976900,1330.2369
0.02535344,0.02535353,0.02534695,0.02535353,1541976960,519.8214
0.02535949,0.02535954,0.02535949,0.02535954,1541977020,353.5279
0.02534234,0.02534234,0.02534233,0.02534233,1541977080,914.7465
0.02536,0.0253664,0.02536,0.0253664,1541977140,513.4862
0.0253599,0.0253599,0.0253424,0.0253424,1541977200,1160.1902
0.02536647,0.02536647,0.02536647,0.02536647,1541977260,1031.8415
0.02534724,0.02536636,0.02534235,0.02536636,1541977320,1178.4264
0.02534232,0.02534241,0.02534232,0.02534241,1541977380,326.4114
0.02536646,0.02536646,0.02534241,0.02534241,1541977440,372.9595
0.02536608,0.02536635,0.02535127,0.02536635,1541977500,640.6902
0.02536648,0.02536648,0.02536648,0.02536648,1541977560,522.2759
0.02536644,0.02536644,0.02536644,0.02536644,1541977620,529.9883
0.02536564,0.02536589,0.02535757,0.02536589,1541977680,1033.4517
0.0253424,0.0253424,0.02534232,0.02534232,1541977740,393.6021
0.02536122,0.02536122,0.02534487,0.02534487,1541977800,366.249
0.02534494,0.02534494,0.02534494,0.02534494,1541977860,702.7769
0.02536442,0.02536442,0.02534488,0.02534488,1541977920,819.3024
0.0253644,0.0253644,0.02535252,0.02535252,1541977980,241.4341
0.02536434,0.02536434,0.02536434,0.02536434,1541978040,639.3346
0.02536436,0.02536436,0.02534494,0.02534494,1541978100,819.1469
0.02535696,0.02536439,0.02535696,0.02536439,1541978160,343.7516
0.02534509,0.02534509,0.02534497,0.02534497,1541978220,420.7488
0.02534569,0.02536437,0.02534569,0.02536437,1541978280,804.7744
0.02535864,0.02536515,0.02534682,0.02536443,1541978340,534.1537
0.02535849,0.02537795,0.02535214,0.02535214,1541978400,638.2949
0.02537803,0.02537803,0.02537795,0.02537795,1541978460,402.4966
0.02540084,0.02540084,0.02536889,0.02537803,1541978520,370.7466
0.025388,0.02540654,0.0253811,0.02540037,1541978580,1051.691
0.02538795,0.02538933,0.02538795,0.02538803,1541978640,613.315
0.02538533,0.02541065,0.02538533,0.02540654,1541978700,466.1059
0.02538909,0.02540858,0.02538909,0.02540858,1541978760,1040.9354
0.02540816,0.02540816,0.02538905,0.0254036,1541978820,414.7199
0.02538914,0.02538914,0.02538914,0.02538914,1541978880,476.8666
0.02539687,0.02540039,0.02539687,0.02540039,1541978940,788.2196
0.02541456,0.02541456,0.02538911,0.02538911,1541979000,992.2504
0.02548157,0.02550017,0.02541453,0.02541457,1541979060,2706.8637
0.02549648,0.02549648,0.02548692,0.02548696,1541979120,546.9214
0.02549588,0.02549588,0.02548698,0.02549588,1541979180,367.9643
0.02549057,0.02550995,0.02548695,0.02548695,1541979240,1156.537
0.0255073,0.02552355,0.02549377,0.02551002,1541979300,165.2152
0.02550743,0.02550743,0.02550743,0.02550743,1541979360,522.4251
0.02551278,0.02553153,0.02550212,0.02550212,1541979420,592.7854
0.02553858,0.02553866,0.02552884,0.02552884,1541979480,1943.7896
0.02553855,0.02553855,0.02553855,0.02553855,1541979540,279.3776
0.02550921,0.02551489,0.02550921,0.02551489,1541979600,660.0604
0.02553866,0.02553866,0.02550921,0.02550921,1541979660,936.1173
0.02551204,0.02553863,0.02551204,0.02553863,1541979720,490.4397
0.02553868,0.02553893,0.02553861,0.02553865,1541979780,1398.8375
0.02554109,0.02554109,0.02554058,0.02554058,1541979840,250.7078
0.02566989,0.02567313,0.02554118,0.02554118,1541979900,482.4334
0.02566741,0.02568918,0.02563598,0.02566006,1541979960,1276.0637
0.02568306,0.02569422,0.02566006,0.02567766,1541980020,1482.3885
0.02568919,0.02568919,0.02566015,0.02566015,1541980080,891.198
0.02569464,0.02569464,0.02567397,0.02568306,1541980140,14.9613
0.02570435,0.02570439,0.02569464,0.02569854,1541980200,958.7852
0.02584141,0.02587257,0.0256893,0.02570439,1541980260,3509.3749
0.02578658,0.02584141,0.02578658,0.02584141,1541980320,718.5992
0.02579894,0.02583249,0.02579894,0.02580235,1541980380,912.4679
0.02585642,0.02585642,0.02580117,0.02580117,1541980440,1559.7206
0.02585362,0.02585362,0.02582252,0.02582252,1541980500,436.5566
0.02585,0.02586518,0.02585,0.02586518,1541980560,1078.5645
0.025795,0.02582252,0.025795,0.02582252,1541980620,275.3068
0.0258013,0.0258013,0.025795,0.025795,1541980680,465.0326
0.02579388,0.0257983,0.02577661,0.0257983,1541980740,877.4285
